expression,reading,meaning,tags,guid,example_jp,example_reading_hiragana,example_ko
担う,になう,짊어지다,JLPT_1 JLPT,GKBjT4d/6;,若い世代が地域の将来を担う。,わかいせだいがちいきのしょうらいをになう。,젊은 세대가 지역의 미래를 짊어진다.
ニュアンス,ニュアンス,"뉘앙스, 미묘한 차이",JLPT_1 JLPT,[C80jnSPYu,その言い方では少し冷たいニュアンスが伝わる。,そのいいかたではすこしつめたいにゅあんすがつたわる。,그런 말투에서는 조금 차가운 뉘앙스가 전해진다.
ネックになる,ネックになる,걸림돌이 되다,JLPT_1 JLPT,eZBWjo`pai,高い維持費が購入のネックになっている。,たかいいじひがこうにゅうのねっくになっている。,비싼 유지비가 구매의 걸림돌이 되고 있다.
ねばり,ねばり,"찰기, 끈기",JLPT_1 JLPT,y/pG)3RMHq,この餅は適度なねばりがあっておいしい。,このもちはてきどなねばりがあっておいしい。,이 떡은 적당한 찰기가 있어서 맛있다.
練る,ねる,"① 반죽하다 ② (계획·문장 등) 다듬다, 짜다",JLPT_1 JLPT,"R|JJ@}dj,r",会議を重ねて新商品の構想を練る。,かいぎをかさねてしんしょうひんのこうそうをねる。,회의를 거듭하며 신상품 구상을 다듬는다.
念願,ねんがん,염원,JLPT_1 JLPT,EtdQ-Yc-%T,十年来の念願だった店をようやく開いた。,じゅうねんらいのねんがんだったみせをようやくひらいた。,십 년 동안 염원하던 가게를 마침내 열었다.
念頭,ねんとう,염두,JLPT_1 JLPT,B/vhQ_N~&t,常に安全を念頭に置いて作業してください。,つねにあんぜんをねんとうにおいてさぎょうしてください。,항상 안전을 염두에 두고 작업해 주세요.
ノウハウ,ノウハウ,노하우,JLPT_1 JLPT,"X,[jG0&ID6",先輩から営業のノウハウを教わった。,せんぱいからえいぎょうののうはうをおそわった。,선배에게 영업 노하우를 배웠다.
脳裏,のうり,뇌리,JLPT_1 JLPT,n4;s7LFy#<,別れ際の母の顔が今も脳裏に焼き付いている。,わかれぎわのははのかおがいまものうりにやきついている。,헤어질 때의 어머니 얼굴이 지금도 뇌리에 새겨져 있다.
のきなみ,のきなみ,"일제히, 다 함께",JLPT_1 JLPT,tR$I-*X0UB,大雪で県内の学校はのきなみ休校になった。,おおゆきでけんないのがっこうはのきなみきゅうこうになった。,폭설로 현 내 학교들이 일제히 휴교했다.
のぞましい,のぞましい,바람직하다,JLPT_1 JLPT,cFT0m:2Tp7,重要な決定には全員の合意がのぞましい。,じゅうようなけっていにはぜんいんのごういがのぞましい。,중요한 결정에는 전원의 합의가 바람직하다.
のどか,のどか,① 한가로움 ② 날씨가 화창함,JLPT_1 JLPT,cXIH&|Ns!+,牛が草を食べるのどかな風景が広がっている。,うしがくさをたべるのどかなふうけいがひろがっている。,소가 풀을 뜯는 한가로운 풍경이 펼쳐져 있다.
ノルマ,ノルマ,"기준량, 할당량",JLPT_1 JLPT,v%&VmQdw6?,今月の営業ノルマを昨日達成した。,こんげつのえいぎょうのるまをきのうたっせいした。,이번 달 영업 할당량을 어제 달성했다.
～派,～は,~파,JLPT_1 JLPT,"!!,;h<c/FW",私は旅行では綿密な計画を立てる派だ。,わたしはりょこうではめんみつなけいかくをたてるはだ。,나는 여행할 때 치밀한 계획을 세우는 편이다.
背景,はいけい,배경,JLPT_1 JLPT,=jWa1!XAQ>,物語の背景には作者自身の戦争体験がある。,ものがたりのはいけいにはさくしゃじしんのせんそうたいけんがある。,이야기의 배경에는 작가 자신의 전쟁 경험이 있다.
配慮,はいりょ,배려,JLPT_1 JLPT,wLq@/I&MVU,高齢者に配慮して入口に手すりを付けた。,こうれいしゃにはいりょしていりぐちにてすりをつけた。,고령자를 배려해 입구에 난간을 설치했다.
ハードル,ハードル,① 기준 ② 장애물,JLPT_1 JLPT,!wxE=3J+I/,未経験者には応募条件のハードルが高い。,みけいけんしゃにはおうぼじょうけんのはーどるがたかい。,미경험자에게는 지원 조건의 문턱이 높다.
ばかばかしい,ばかばかしい,몹시 어리석다,JLPT_1 JLPT,"*,vcGGXUA0",そんなばかばかしい噂を信じる人はいない。,そんなばかばかしいうわさをしんじるひとはいない。,그런 터무니없는 소문을 믿는 사람은 없다.
破棄,はき,파기,JLPT_1 JLPT,")*1b[ZSK,H",契約違反を理由に合意を破棄した。,けいやくいはんをりゆうにごういをはきした。,계약 위반을 이유로 합의를 파기했다.
はじく,はじく,"튀기다, 튕겨 내다",JLPT_1 JLPT,|oq-RR/@3(,ギターの弦を指ではじいた。,ぎたーのげんをゆびではじいた。,기타 줄을 손가락으로 튕겼다.
弾む,はずむ,"들뜨다, 신이 나다",JLPT_1 JLPT,JrWpvJNgyI,旅行の前日は期待に胸が弾んだ。,りょこうのぜんじつはきたいにむねがはずんだ。,여행 전날에는 기대감에 가슴이 설렜다.
発覚,はっかく,발각,JLPT_1 JLPT,}IH}/!Vk]I,内部告発によって不正会計が発覚した。,ないぶこくはつによってふせいかいけいがはっかくした。,내부 고발로 부정 회계가 발각되었다.
発散,はっさん,발산,JLPT_1 JLPT,%zFCUor>5e,週末は運動して仕事のストレスを発散する。,しゅうまつはうんどうしてしごとのすとれすをはっさんする。,주말에는 운동으로 업무 스트레스를 발산한다.
抜粋,ばっすい,발췌,JLPT_1 JLPT,"/_,K_?OrN{",長い報告書から重要な部分だけを抜粋した。,ながいほうこくしょからじゅうようなぶぶんだけをばっすいした。,긴 보고서에서 중요한 부분만 발췌했다.
鼻をつく,はなをつく,코를 찌르다,JLPT_1 JLPT,zwR|w*y=cq,部屋に入ると薬品の臭いが鼻をついた。,へやにはいるとやくひんのにおいがはなをついた。,방에 들어가자 약품 냄새가 코를 찔렀다.
幅広い,はばひろい,폭넓다,JLPT_1 JLPT,Hu.4Ov+bMH,この図書館は幅広い分野の本をそろえている。,このとしょかんははばひろいぶんやのほんをそろえている。,이 도서관은 폭넓은 분야의 책을 갖추고 있다.
生やす,はやす,(수염·초목 등) 기르다,JLPT_1 JLPT,pd0z~k8;I=,彼は役作りのために長い髭を生やした。,かれはやくづくりのためにながいひげをはやした。,그는 배역 준비를 위해 긴 수염을 길렀다.
はらはら,はらはら,조마조마,JLPT_1 JLPT,"b>cx<,V66g",子供が道路へ飛び出さないかとはらはらした。,こどもがどうろへとびださないかとはらはらした。,아이가 도로로 뛰어나가지 않을까 조마조마했다.
反応,はんのう,반응,JLPT_1 JLPT,nD-.1^0/2%,新製品に対する客の反応は予想以上によかった。,しんせいひんにたいするきゃくのはんのうはよそういじょうによかった。,신제품에 대한 고객 반응은 예상보다 좋았다.
非,ひ,잘못,JLPT_1 JLPT,w9%_>gU/#E,彼の行為の非を責めるだけでは解決しない。,かれのこういのひをせめるだけではかいけつしない。,그의 행위가 잘못됐다고 탓하기만 해서는 해결되지 않는다.
ひいては,ひいては,(더) 나아가서는,JLPT_1 JLPT,B/`4n~#vF2,節電は家計を助け、ひいては環境保護にもなる。,せつでんはかけいをたすけ、ひいてはかんきょうほごにもなる。,절전은 가계에 도움이 되고 더 나아가 환경 보호에도 기여한다.
ひしひしと,ひしひしと,절실히,JLPT_1 JLPT,R/(o[bP$}`,離れて暮らし、家族のありがたさをひしひしと感じた。,はなれてくらし、かぞくのありがたさをひしひしとかんじた。,떨어져 살면서 가족의 고마움을 절실히 느꼈다.
一息,ひといき,한숨 돌림,JLPT_1 JLPT,Aiq7pV#kv2,荷物を置いて一息ついてから出発しよう。,にもつをおいてひといきついてからしゅっぱつしよう。,짐을 놓고 한숨 돌린 뒤 출발하자.
人出,ひとで,나들이 인파,JLPT_1 JLPT,a|rGbn{-<V,祭りの日は駅前も大変な人出だった。,まつりのひはえきまえもたいへんなひとでだった。,축제 날에는 역 앞도 엄청난 인파로 붐볐다.
ひとまず,ひとまず,"일단, 우선",JLPT_1 JLPT,+)$o!~Tvur,ひとまず応急処置をして病院へ向かった。,ひとまずおうきゅうしょちをしてびょういんへむかった。,일단 응급 처치를 하고 병원으로 향했다.
表明,ひょうめい,표명,JLPT_1 JLPT,/B<DUyCi1i,市長は次の選挙に出馬する意向を表明した。,しちょうはつぎのせんきょにしゅつばするいこうをひょうめいした。,시장은 다음 선거에 출마할 뜻을 표명했다.
貧弱,ひんじゃく,빈약함,JLPT_1 JLPT,h+S>?`g@us,根拠が貧弱な主張には説得力がない。,こんきょがひんじゃくなしゅちょうにはせっとくりょくがない。,근거가 빈약한 주장에는 설득력이 없다.
ピント,ピント,"핀트, 초점",JLPT_1 JLPT,F+LvQcg3TX,写真のピントが合わず顔がぼやけてしまった。,しゃしんのぴんとがあわずかおがぼやけてしまった。,사진의 초점이 맞지 않아 얼굴이 흐릿해졌다.
頻繁,ひんぱん,빈번함,JLPT_1 JLPT,s%F?U$)3{!,この路線は事故で頻繁に遅れる。,このろせんはじこでひんぱんにおくれる。,이 노선은 사고로 자주 지연된다.
ファイト,ファイト,"파이팅, 투지",JLPT_1 JLPT,{Z~pwQ<pd<,最後まで諦めるな、ファイト！,さいごまであきらめるな、ふぁいと！,"끝까지 포기하지 마, 파이팅!"
風習,ふうしゅう,풍습,JLPT_1 JLPT,`+Z.JmyQ/=,正月に餅を食べる風習が今も残っている。,しょうがつにもちをたべるふうしゅうがいまものこっている。,설날에 떡을 먹는 풍습이 지금도 남아 있다.
フォーム,フォーム,"폼, 모양",JLPT_1 JLPT,furEkK`dL),けがを防ぐため正しいフォームで走る。,けがをふせぐためただしいふぉーむではしる。,부상을 막기 위해 올바른 자세로 달린다.
フォロー,フォロー,지원,JLPT_1 JLPT,[Br6E$)J;*,新人が困らないよう先輩がフォローする。,しんじんがこまらないようせんぱいがふぉろーする。,신입이 곤란하지 않도록 선배가 지원한다.
深まる,ふかまる,깊어지다,JLPT_1 JLPT,S|=;R#K6fz,交流を重ねるうちに両国の理解が深まった。,こうりゅうをかさねるうちにりょうこくのりかいがふかまった。,교류를 거듭하면서 양국의 이해가 깊어졌다.
ふさわしい,ふさわしい,어울리다,JLPT_1 JLPT,*0{8u_<?GB,この落ち着いた色は式典にふさわしい。,このおちついたいろはしきてんにふさわしい。,이 차분한 색은 기념식에 어울린다.
払拭,ふっしょく,불식,JLPT_1 JLPT,G<Od&79ke`,新社長は会社への不安を払拭しようと努めた。,しんしゃちょうはかいしゃへのふあんをふっしょくしようとつとめた。,신임 사장은 회사에 대한 불안을 불식하려고 노력했다.
無難,ぶなん,무난함,JLPT_1 JLPT,+iFcq(v1n4,初対面なら政治の話題は避けるのが無難だ。,しょたいめんならせいじのわだいはさけるのがぶなんだ。,첫 만남이라면 정치 이야기는 피하는 것이 무난하다.
不備,ふび,충분히 갖추어지지 않음,JLPT_1 JLPT,DsZ>2_^UmT,書類に不備があり申請を受理できなかった。,しょるいにふびがありしんせいをじゅりできなかった。,서류에 미비한 점이 있어 신청을 접수할 수 없었다.
ふらふら,ふらふら,"휘청휘청, 비틀비틀",JLPT_1 JLPT,}+u3Xdw|Rd,高熱で足元がふらふらしてまっすぐ歩けない。,こうねつであしもとがふらふらしてまっすぐあるけない。,고열로 다리가 휘청거려 똑바로 걸을 수 없다.
ぶらぶら,ぶらぶら,① 어슬렁어슬렁 ② 빈둥빈둥,JLPT_1 JLPT,s@zz(G?bO1,休日は商店街をぶらぶら歩いて過ごした。,きゅうじつはしょうてんがいをぶらぶらあるいてすごした。,휴일에는 상점가를 어슬렁거리며 보냈다.
ブランク,ブランク,"공백, 경력 단절",JLPT_1 JLPT,U[g3@fWN$=,十年のブランクを経て舞台に復帰した。,じゅうねんのぶらんくをへてぶたいにふっきした。,10년의 공백을 거쳐 무대에 복귀했다.
振り出し,ふりだし,"출발점, 처음 상태",JLPT_1 JLPT,?:3riUi]Hh,交渉が決裂し、話は振り出しに戻った。,こうしょうがけつれつし、はなしはふりだしにもどった。,협상이 결렬되어 이야기는 원점으로 돌아갔다.
付録,ふろく,부록,JLPT_1 JLPT,%8D!A~vmAm,巻末の付録に用語一覧が載っている。,かんまつのふろくにようごいちらんがのっている。,책 끝의 부록에 용어 목록이 실려 있다.
並行,へいこう,병행,JLPT_1 JLPT,@&jc|{~J6`,大学での勉強と仕事を並行して続けた。,だいがくでのべんきょうとしごとをへいこうしてつづけた。,대학 공부와 일을 병행했다.
へとへと,へとへと,몹시 지쳐서 힘이 없는 모양,JLPT_1 JLPT,wTXp;i<eur,一日中引っ越し作業をしてへとへとになった。,いちにちじゅうひっこしさぎょうをしてへとへとになった。,하루 종일 이사 작업을 해서 녹초가 되었다.
便宜,べんぎ,편의,JLPT_1 JLPT,=QS0?8pV_2,参加者の便宜を図り、駅から送迎バスを出す。,さんかしゃのべんぎをはかり、えきからそうげいばすをだす。,참가자의 편의를 위해 역에서 셔틀버스를 운행한다.
返却,へんきゃく,"반납, 반환",JLPT_1 JLPT,o{N^.PU;b},借りた本は二週間以内に返却してください。,かりたほんはにしゅうかんいないにへんきゃくしてください。,빌린 책은 2주 이내에 반납해 주세요.
返上,へんじょう,"반납, 반환",JLPT_1 JLPT,TzdANrW<L1,選手はけがのため今季のタイトルを返上した。,せんしゅはけがのためこんきのたいとるをへんじょうした。,선수는 부상 때문에 이번 시즌 타이틀을 반납했다.
報じる,ほうじる,알리다,JLPT_1 JLPT,QWS*(GpM@y,各社は事件の発生を一斉に報じた。,かくしゃはじけんのはっせいをいっせいにほうじた。,각 언론사는 사건 발생을 일제히 보도했다.
ほぐれる,ほぐれる,"풀리다, 누그러지다",JLPT_1 JLPT,mg$b?>uFQ],温泉につかると肩の筋肉がほぐれた。,おんせんにつかるとかたのきんにくがほぐれた。,온천에 몸을 담그자 어깨 근육이 풀렸다.
保護,ほご,보호,JLPT_1 JLPT,&)wf4tW:cD,希少な野生動物を密猟から保護する。,きしょうなやせいどうぶつをみつりょうからほごする。,희귀 야생동물을 밀렵으로부터 보호한다.
補充,ほじゅう,보충,JLPT_1 JLPT,OZ*(E|830S,売り切れる前に棚の商品を補充した。,うりきれるまえにたなのしょうひんをほじゅうした。,다 팔리기 전에 진열대 상품을 보충했다.
募集,ぼしゅう,모집,JLPT_1 JLPT,.buhagB68.,夏祭りを手伝うボランティアを募集している。,なつまつりをてつだうぼらんてぃあをぼしゅうしている。,여름 축제를 도울 자원봉사자를 모집하고 있다.
没収,ぼっしゅう,몰수,JLPT_1 JLPT,kMGN51}n8l,試験中に使った携帯電話は監督に没収された。,しけんちゅうにつかったけいたいでんわはかんとくにぼっしゅうされた。,시험 중 사용한 휴대전화는 감독관에게 몰수당했다.
発足,ほっそく,발족,JLPT_1 JLPT,"A3,Tb8nyh}",新しい支援団体が四月に発足した。,あたらしいしえんだんたいがしがつにほっそくした。,새 지원 단체가 4월에 발족했다.
施す,ほどこす,"행하다, 장식하다",JLPT_1 JLPT,/ery60k$)@,職人が箱の表面に美しい装飾を施した。,しょくにんがはこのひょうめんにうつくしいそうしょくをほどこした。,장인이 상자 표면에 아름다운 장식을 했다.
ぼやける,ぼやける,"흐려지다, 희미해지다",JLPT_1 JLPT,^^-a[5Wzq#,霧で遠くの山並みがぼやけて見える。,きりでとおくのやまなみがぼやけてみえる。,안개 때문에 먼 산줄기가 흐릿하게 보인다.
本音,ほんね,"본심, 속마음",JLPT_1 JLPT,l$Kx;{@pO8,酒が入るとつい本音が出てしまう。,さけがはいるとついほんねがでてしまう。,술이 들어가면 그만 속마음이 나와 버린다.
紛れる,まぎれる,"헷갈리다, (비슷해서) 분간 못하다",JLPT_1 JLPT,V-Hpqi0kO!,暗闇では黒い服が周囲に紛れて見えない。,くらやみではくろいふくがしゅういにまぎれてみえない。,어둠 속에서는 검은 옷이 주변에 섞여 보이지 않는다.
まく,まく,뿌리다,JLPT_1 JLPT,*[&DPQ/AVP,乾いた畑にじょうろで水をまく。,かわいたはたけにじょうろでみずをまく。,마른 밭에 물뿌리개로 물을 뿌린다.
まじわる,まじわる,① 교차하다 ② 뒤섞이다,JLPT_1 JLPT,voV%^vrp``,二本の道が村の入口でまじわる。,にほんのみちがむらのいりぐちでまじわる。,두 갈래 길이 마을 입구에서 교차한다.
まちまち,まちまち,"제각각, 각기 다름",JLPT_1 JLPT,:B>na_WJMM,参加者の服装は制服から私服までまちまちだ。,さんかしゃのふくそうはせいふくからしふくまでまちまちだ。,참가자들의 복장은 교복부터 사복까지 제각각이다.
まぬがれる,まぬがれる,"면하다, 피하다",JLPT_1 JLPT,-Pviw*NgEO,早期発見のおかげで手術をまぬがれた。,そうきはっけんのおかげでしゅじゅつをまぬがれた。,조기 발견 덕분에 수술을 피했다.
～まみれ,～まみれ,~투성이,JLPT_1 JLPT,Z0}3c|J]G*,雨の中を走り回って全身泥まみれになった。,あめのなかをはしりまわってぜんしんどろまみれになった。,빗속을 뛰어다녀 온몸이 진흙투성이가 되었다.
満場(一致),まんじょう(いっち),만장(일치),JLPT_1 JLPT,"`dLk,r7AP[",提案は満場一致で可決された。,ていあんはまんじょういっちでかけつされた。,제안은 만장일치로 가결되었다.
見合わせる,みあわせる,보류하다,JLPT_1 JLPT,]xjxAbBXp),悪天候のため試合の開催を見合わせた。,あくてんこうのためしあいのかいさいをみあわせた。,악천후 때문에 경기 개최를 보류했다.
見返り,みかえり,"대가, 보상",JLPT_1 JLPT,6<tHGI:/#w,親切に見返りを求めてはいけない。,しんせつにみかえりをもとめてはいけない。,친절에 대가를 바라서는 안 된다.
見かける,みかける,언뜻 보다,JLPT_1 JLPT,`K|M&I~.H2,今朝、駅で高校時代の先生を見かけた。,けさ、えきでこうこうじだいのせんせいをみかけた。,오늘 아침 역에서 고등학교 시절 선생님을 언뜻 보았다.
見苦しい,みぐるしい,보기 흉하다,JLPT_1 JLPT,`DYe?%LJk6,人前で責任を押し付け合う姿は見苦しい。,ひとまえでせきにんをおしつけあうすがたはみぐるしい。,남들 앞에서 서로 책임을 떠넘기는 모습은 보기 흉하다.
見込み,みこみ,"전망, 예정",JLPT_1 JLPT,zQcJ5bdg1U,この計画なら年内に完成する見込みだ。,このけいかくならねんないにかんせいするみこみだ。,이 계획이라면 연내에 완성될 전망이다.
密接,みっせつ,밀접함,JLPT_1 JLPT,Ym8+uHxjoC,生活習慣と健康には密接な関係がある。,せいかつしゅうかんとけんこうにはみっせつなかんけいがある。,생활 습관과 건강에는 밀접한 관계가 있다.
みっちり,みっちり,착실히,JLPT_1 JLPT,B`_(~(P$In,合宿では朝から晩までみっちり練習した。,がっしゅくではあさからばんまでみっちりれんしゅうした。,합숙에서는 아침부터 밤까지 착실히 연습했다.
見積もる,みつもる,어림잡다,JLPT_1 JLPT,<CqM].*%ME,修理費は少なくとも十万円と見積もられた。,しゅうりひはすくなくともじゅうまんえんとみつもられた。,수리비는 적어도 10만 엔으로 추산되었다.
身なり,みなり,옷차림,JLPT_1 JLPT,m~0#m-2@h-,面接では清潔な身なりを心掛けよう。,めんせつではせいけつなみなりをこころがけよう。,면접에서는 단정한 옷차림을 신경 쓰자.
身の回り,みのまわり,신변,JLPT_1 JLPT,2#Q]eqL8im,避難する前に身の回りの物をまとめた。,ひなんするまえにみのまわりのものをまとめた。,대피하기 전에 주변 물건을 챙겼다.
未練,みれん,미련,JLPT_1 JLPT,x=l8?l|g?r,卒業しても故郷への未練を断ち切れなかった。,そつぎょうしてもこきょうへのみれんをたちきれなかった。,졸업하고도 고향에 대한 미련을 끊지 못했다.
ムード,ムード,"무드, 분위기",JLPT_1 JLPT,"yp,zqKoV&W",照明を落とすと店内が静かなムードになった。,しょうめいをおとすとてんないがしずかなむーどになった。,조명을 낮추자 가게 안이 차분한 분위기가 되었다.
無計画,むけいかく,무계획,JLPT_1 JLPT,MqlRyD{=vq,無計画に借金を重ねれば生活が苦しくなる。,むけいかくにしゃっきんをかさねればせいかつがくるしくなる。,무계획하게 빚을 늘리면 생활이 어려워진다.
無効,むこう,무효,JLPT_1 JLPT,.!$.y@oqG7,期限を過ぎた入場券は無効です。,きげんをすぎたにゅうじょうけんはむこうです。,기한이 지난 입장권은 무효입니다.
むしゃくしゃする,むしゃくしゃする,"짜증나다, 언짢다",JLPT_1 JLPT,y-{Cbhc52Q,電車が何度も遅れて朝からむしゃくしゃする。,でんしゃがなんどもおくれてあさからむしゃくしゃする。,전철이 몇 번이나 늦어 아침부터 짜증이 난다.
無性に,むしょうに,"몹시, 공연히, 무턱대고",JLPT_1 JLPT,vDr}o$_is.,夜中に無性に甘い物が食べたくなった。,よなかにむしょうにあまいものがたべたくなった。,한밤중에 몹시 단것이 먹고 싶어졌다.
無茶,むちゃ,"터무니 없음, 당치 않음",JLPT_1 JLPT,"tyRR,g@z_t",初心者が一人で冬山に登るのは無茶だ。,しょしんしゃがひとりでふゆやまにのぼるのはむちゃだ。,초보자가 혼자 겨울 산에 오르는 것은 무모하다.
むなしい,むなしい,"공허하다, 허무하다",JLPT_1 JLPT,4}+sm`3~ik,努力が何の成果にもつながらずむなしかった。,どりょくがなんのせいかにもつながらずむなしかった。,노력이 아무 성과로도 이어지지 않아 허무했다.
無謀,むぼう,무모함,JLPT_1 JLPT,"A8s,NJUZd9",十分な装備もなく航海に出るのは無謀だ。,じゅうぶんなそうびもなくこうかいにでるのはむぼうだ。,충분한 장비도 없이 항해에 나서는 것은 무모하다.
明白,めいはく,명백함,JLPT_1 JLPT,?#>gqDG`N3,記録を見れば彼の説明が嘘なのは明白だ。,きろくをみればかれのせつめいがうそなのはめいはくだ。,기록을 보면 그의 설명이 거짓임은 명백하다.
明朗,めいろう,명랑함,JLPT_1 JLPT,oV8zRks}:j,彼女の明朗な性格が職場を明るくする。,かのじょのめいろうなせいかくがしょくばをあかるくする。,그녀의 명랑한 성격이 직장을 밝게 만든다.
めきめき,めきめき,"눈에 띄게, 두드러지게",JLPT_1 JLPT,!3q1:e`.lG,毎日泳ぐうちに記録がめきめき伸びた。,まいにちおよぐうちにきろくがめきめきのびた。,매일 수영하면서 기록이 눈에 띄게 향상됐다.
目先,めさき,"눈앞, 현재, 당장",JLPT_1 JLPT,/N|6v}#y*|,目先の利益にとらわれて信用を失った。,めさきのりえきにとらわれてしんようをうしなった。,눈앞의 이익에 사로잡혀 신용을 잃었다.
めざましい,めざましい,눈부시다,JLPT_1 JLPT,u=<lq`{[x(,この町は戦後めざましい発展を遂げた。,このまちはせんごめざましいはってんをとげた。,이 도시는 전후 눈부신 발전을 이루었다.
メディア,メディア,"미디어, 매체",JLPT_1 JLPT,>1{;em>m!o,事件は海外のメディアにも大きく報じられた。,じけんはかいがいのめでぃあにもおおきくほうじられた。,사건은 해외 매체에도 크게 보도되었다.
めど,めど,"목표, 전망",JLPT_1 JLPT,&H@pb!Cx6n,工事は来月中に終わるめどが立った。,こうじはらいげつちゅうにおわるめどがたった。,공사를 다음 달 안에 끝낼 수 있을 것으로 보인다.
面倒を見る,めんどうをみる,돌봐 주다,JLPT_1 JLPT,0{TptxWcQv,留守の間、隣人が猫の面倒を見てくれた。,るすのあいだ、りんじんがねこのめんどうをみてくれた。,집을 비운 동안 이웃이 고양이를 돌봐 주었다.
綿密,めんみつ,면밀함,JLPT_1 JLPT,QwGL::?U2C,医師は検査結果を綿密に分析した。,いしはけんさけっかをめんみつにぶんせきした。,의사는 검사 결과를 면밀히 분석했다.
猛(反対),もう(はんたい),맹(반대),JLPT_1 JLPT,7Zd=8SS7SM,住民は工場の建設に猛反対している。,じゅうみんはこうじょうのけんせつにもうはんたいしている。,주민들은 공장 건설에 맹렬히 반대하고 있다.
模型,もけい,모형,JLPT_1 JLPT,fqr]sfTkcp,建築家が木製の模型で新庁舎を示した。,けんちくかがもくせいのもけいでしんちょうしゃをしめした。,건축가가 목제 모형으로 새 청사를 보여 주었다.
目下,もっか,"목하, 현재",JLPT_1 JLPT,Rme`thec;R,目下、事故の原因を詳しく調査している。,もっか、じこのげんいんをくわしくちょうさしている。,현재 사고 원인을 자세히 조사하고 있다.
もっぱら,もっぱら,"오로지, 한결같이",JLPT_1 JLPT,"Qj[,x#-]Sb",退職後はもっぱら畑仕事をしている。,たいしょくごはもっぱらはたけしごとをしている。,퇴직 후에는 오로지 밭일을 하고 있다.
もてなす,もてなす,"대접하다, 환대하다",JLPT_1 JLPT,_n}}m&iftQ,主人は手料理で客をもてなした。,しゅじんはてりょうりできゃくをもてなした。,주인은 손수 만든 요리로 손님을 대접했다.
もどかしい,もどかしい,"애가 타다, 안타깝다",JLPT_1 JLPT,btfsep#Wh*,思いをうまく言葉にできずもどかしい。,おもいをうまくことばにできずもどかしい。,마음을 말로 잘 표현하지 못해 답답하다.
もろい,もろい,"약하다, 여리다",JLPT_1 JLPT,$;J6(J!nz5,古い紙はもろく、触れただけで破れた。,ふるいかみはもろく、ふれただけでやぶれた。,오래된 종이는 약해서 건드리기만 해도 찢어졌다.
もろに,もろに,"정면으로, 직접",JLPT_1 JLPT,a`uIsV;IWQ,海岸の町は台風の直撃をもろに受けた。,かいがんのまちはたいふうのちょくげきをもろにうけた。,해안 도시는 태풍의 직격탄을 그대로 맞았다.
焼け石に水,やけいしにみず,언 발에 오줌누기(임시방편),JLPT_1 JLPT,w!nAr7#`T},少額の援助では膨大な赤字には焼け石に水だ。,しょうがくのえんじょではぼうだいなあかじにはやけいしにみずだ。,소액의 지원으로는 막대한 적자를 메우기에 턱없이 부족하다.
野心,やしん,야심,JLPT_1 JLPT,yiL(EbfA/s,彼は世界市場に進出する野心を抱いている。,かれはせかいしじょうにしんしゅつするやしんをいだいている。,그는 세계 시장에 진출하려는 야심을 품고 있다.
ややこしい,ややこしい,까다롭다,JLPT_1 JLPT,0A!:V?X>x_,税金の手続きは複雑でややこしい。,ぜいきんのてつづきはふくざつでややこしい。,세금 절차는 복잡하고 까다롭다.
和らげる,やわらげる,완화시키다,JLPT_1 JLPT,$zM}5w}SkP,薬で関節の痛みを和らげる。,くすりでかんせつのいたみをやわらげる。,약으로 관절 통증을 완화한다.
やんわり,やんわり,"부드럽게, 살며시",JLPT_1 JLPT,7dBJfF5/#c,誘いをやんわり断る言い方を考えた。,さそいをやんわりことわるいいかたをかんがえた。,권유를 부드럽게 거절할 표현을 생각했다.
ユーモア,ユーモア,유머,JLPT_1 JLPT,#I90eF!I?9,緊張した会場を彼のユーモアが和ませた。,きんちょうしたかいじょうをかれのゆーもあがなごませた。,긴장된 행사장을 그의 유머가 누그러뜨렸다.
誘惑,ゆうわく,유혹,JLPT_1 JLPT,xoK>+J;Y7A,目先の利益の誘惑に負けてはいけない。,めさきのりえきのゆうわくにまけてはいけない。,눈앞의 이익이라는 유혹에 넘어가서는 안 된다.
行き違い,ゆきちがい,"오해, 착오(いきちがい로도 읽음)",JLPT_1 JLPT,zV#@`Lb>~Y,連絡の行き違いで二人とも会場に遅れた。,れんらくのゆきちがいでふたりともかいじょうにおくれた。,연락 착오로 두 사람 모두 행사장에 늦었다.
行き届く,ゆきとどく,구석구석까지 미치다,JLPT_1 JLPT,X:&&uv4vS*,細かいところまで清掃が行き届いている。,こまかいところまでせいそうがゆきとどいている。,세세한 곳까지 청소가 잘 되어 있다.
ゆとり,ゆとり,여유,JLPT_1 JLPT,[K8G:rI`9j,予定にゆとりを持たせて早めに出発した。,よていにゆとりをもたせてはやめにしゅっぱつした。,일정에 여유를 두고 일찍 출발했다.
揺らぐ,ゆらぐ,흔들리다,JLPT_1 JLPT,$6Z4/sZO7J,不祥事によって政権への信頼が揺らいだ。,ふしょうじによってせいけんへのしんらいがゆらいだ。,불미스러운 일로 정권에 대한 신뢰가 흔들렸다.
ゆるめる,ゆるめる,늦추다,JLPT_1 JLPT,/dB!c|f%E4,苦しくなったので首元のボタンをゆるめた。,くるしくなったのでくびもとのぼたんをゆるめた。,답답해져서 목 부분의 단추를 풀었다.
抑制,よくせい,억제,JLPT_1 JLPT,?N#>o^gCLC,塩分を控えることで血圧の上昇を抑制する。,えんぶんをひかえることでけつあつのじょうしょうをよくせいする。,염분을 줄여 혈압 상승을 억제한다.
養成,ようせい,양성,JLPT_1 JLPT,VrRt50i~I:,大学は地域医療を担う人材を養成している。,だいがくはちいきいりょうをになうじんざいをようせいしている。,대학은 지역 의료를 담당할 인재를 양성하고 있다.
予断,よだん,예측,JLPT_1 JLPT,^Lh2AfdEh|,予断を許さない状況が今も続いている。,よだんをゆるさないじょうきょうがいまもつづいている。,한 치 앞을 내다볼 수 없는 상황이 지금도 이어지고 있다.
余波,よは,여파,JLPT_1 JLPT,:%>hd4kvTz,値上げの余波が飲食店にも広がっている。,ねあげのよはがいんしょくてんにもひろがっている。,가격 인상의 여파가 음식점에도 퍼지고 있다.
よみがえる,よみがえる,되살아나다,JLPT_1 JLPT,@&6MbKDA]h,懐かしい曲を聞くと学生時代の記憶がよみがえる。,なつかしいきょくをきくとがくせいじだいのきおくがよみがえる。,그리운 노래를 들으면 학창 시절의 기억이 되살아난다.
楽観的,らっかんてき,낙관적,JLPT_1 JLPT,z&cu^Tr8/(,根拠もなく楽観的に考えるのは危険だ。,こんきょもなくらっかんてきにかんがえるのはきけんだ。,근거도 없이 낙관적으로 생각하는 것은 위험하다.
リード,リード,리드,JLPT_1 JLPT,0T1m9oYw}%,主将の一打でチームが一点リードした。,しゅしょうのいちだでちーむがいってんりーどした。,주장의 한 방으로 팀이 1점 앞섰다.
リスク,リスク,위험,JLPT_1 JLPT,pdv;)Z-VDr,海外投資には為替変動のリスクが伴う。,かいがいとうしにはかわせへんどうのりすくがともなう。,해외 투자에는 환율 변동 위험이 따른다.
リストアップ,リストアップ,"나열, 열거",JLPT_1 JLPT,kt;E{GlsCL,訪問したい店を十軒リストアップした。,ほうもんしたいみせをじゅっけんりすとあっぷした。,방문하고 싶은 가게 열 곳을 목록으로 뽑았다.
理性的,りせいてき,이성적,JLPT_1 JLPT,ZED42x;3H*,感情に流されず理性的に話し合おう。,かんじょうにながされずりせいてきにはなしあおう。,감정에 휩쓸리지 말고 이성적으로 대화하자.
流出,りゅうしゅつ,유출,JLPT_1 JLPT,I|>G0I)$1P,顧客情報の流出を防ぐ対策が必要だ。,こきゃくじょうほうのりゅうしゅつをふせぐたいさくがひつようだ。,고객 정보 유출을 막을 대책이 필요하다.
領域,りょういき,영역,JLPT_1 JLPT,0t}tySa;?|,その問題は医学だけで扱える領域を超えている。,そのもんだいはいがくだけであつかえるりょういきをこえている。,그 문제는 의학만으로 다룰 수 있는 영역을 넘어선다.
良識,りょうしき,양식,JLPT_1 JLPT,RscUuHIs53,公共の場では良識ある行動が求められる。,こうきょうのばではりょうしきあるこうどうがもとめられる。,공공장소에서는 양식 있는 행동이 요구된다.
類推,るいすい,유추,JLPT_1 JLPT,"=P8i4M@,B,",過去の事例から事故の原因を類推した。,かこのじれいからじこのげんいんをるいすいした。,과거 사례에서 사고 원인을 유추했다.
ルーズ,ルーズ,"단정치 못함, 허술함",JLPT_1 JLPT,":)0,I+<L~A",時間にルーズな彼は今日も遅刻した。,じかんにるーずなかれはきょうもちこくした。,시간 관념이 허술한 그는 오늘도 지각했다.
レイアウト,レイアウト,레이아웃,JLPT_1 JLPT,y4QtY]Cm:A,家具を動かして部屋のレイアウトを変えた。,かぐをうごかしてへやのれいあうとをかえた。,가구를 옮겨 방의 배치를 바꾸었다.
(歴史)上,(れきし)じょう,(역사)상,JLPT_1 JLPT,"9(,C]#>(i[",この発見は医学史上きわめて重要だ。,このはっけんはいがくしじょうきわめてじゅうようだ。,이 발견은 의학 역사상 매우 중요하다.
歴然と,れきぜんと,또렷하게,JLPT_1 JLPT,T?aWTDfyDM,練習量の差が結果に歴然と表れた。,れんしゅうりょうのさがけっかにれきぜんとあらわれた。,연습량의 차이가 결과에 뚜렷이 나타났다.
レベル,レベル,"레벨, 수준",JLPT_1 JLPT,T*s31&ntDL,初心者のレベルに合わせて説明する。,しょしんしゃのれべるにあわせてせつめいする。,초보자의 수준에 맞춰 설명한다.
連帯,れんたい,연대,JLPT_1 JLPT,"}e,05N1JlO",災害を機に地域の連帯が強まった。,さいがいをきにちいきのれんたいがつよまった。,재해를 계기로 지역의 연대가 강해졌다.
浪費,ろうひ,낭비,JLPT_1 JLPT,Z}-#9S/NE],誰もいない部屋の照明をつけておくのは電気の浪費だ。,だれもいないへやのしょうめいをつけておくのはでんきのろうひだ。,아무도 없는 방의 조명을 켜 두는 것은 전기 낭비다.
ろくに,ろくに,"제대로, 변변히",JLPT_1 JLPT,d|G2YB[8[N,徹夜したので朝食もろくに食べられなかった。,てつやしたのでちょうしょくもろくにたべられなかった。,밤을 새워서 아침밥도 제대로 먹지 못했다.
ロマンチック,ロマンチック,"로맨틱함, 낭만적임",JLPT_1 JLPT,4o1*rO3$gY,海辺のホテルでロマンチックな夕食を楽しんだ。,うみべのほてるでろまんちっくなゆうしょくをたのしんだ。,해변 호텔에서 낭만적인 저녁 식사를 즐겼다.
論理,ろんり,논리,JLPT_1 JLPT,1w?*m5{7Xy,感情ではなく論理に基づいて結論を出した。,かんじょうではなくろんりにもとづいてけつろんをだした。,감정이 아니라 논리에 근거해 결론을 내렸다.
わざわざ,わざわざ,"일부러, 특별히",JLPT_1 JLPT,]6#@&VKi{w,雨の中をわざわざ届けてくれてありがとう。,あめのなかをわざわざとどけてくれてありがとう。,빗속에 일부러 가져다줘서 고마워.
わずらわしい,わずらわしい,"귀찮다, 성가시다",JLPT_1 JLPT,QdA$PdzOm+,毎朝満員電車に乗るのはわずらわしい。,まいあさまんいんでんしゃにのるのはわずらわしい。,매일 아침 만원 전철을 타는 것은 성가시다.
割り当てる,わりあてる,분배하다,JLPT_1 JLPT,B:I$D{joXC,部長は新人にも重要な仕事を割り当てた。,ぶちょうはしんじんにもじゅうようなしごとをわりあてた。,부장은 신입에게도 중요한 일을 배정했다.
割り込む,わりこむ,끼어들다,JLPT_1 JLPT,Z{p5Jki@rs,列に割り込む人を係員が注意した。,れつにわりこむひとをかかりいんがちゅういした。,줄에 끼어드는 사람을 직원이 주의시켰다.
間柄,あいだがら,관계,JLPT_1 JLPT,-FzL`(WT%F,二人は何でも相談できる間柄だ。,ふたりはなんでもそうだんできるあいだがらだ。,두 사람은 무엇이든 의논할 수 있는 사이다.
あざやか,あざやか,선명함,JLPT_1 JLPT,;MR~@Sr1h;,雨上がりの空にあざやかな虹が架かった。,あめあがりのそらにあざやかなにじがかかった。,비가 갠 하늘에 선명한 무지개가 걸렸다.
当てはめる,あてはめる,"꼭 들어 맞추다, 적용시키다",JLPT_1 JLPT,F:fy4}]TA5,学んだ公式を実際の問題に当てはめる。,まなんだこうしきをじっさいのもんだいにあてはめる。,배운 공식을 실제 문제에 적용한다.
ありきたりだ,ありきたりだ,"흔하다, 평범하다",JLPT_1 JLPT,"aW~+sUS,F3",その映画はありきたりな結末で物足りなかった。,そのえいがはありきたりなけつまつでものたりなかった。,그 영화는 흔한 결말이라 아쉬웠다.
案の定,あんのじょう,"예상대로, 아니나다를까",JLPT_1 JLPT,87b+MbpYPp,案の定、午後から激しい雨が降り出した。,あんのじょう、ごごからはげしいあめがふりだした。,예상대로 오후부터 거센 비가 내리기 시작했다.
意地,いじ,고집,JLPT_1 JLPT,`2bM@GP^LH,意地を張らずに自分の間違いを認めなさい。,いじをはらずにじぶんのまちがいをみとめなさい。,고집부리지 말고 자신의 잘못을 인정해라.
一律,いちりつ,일률,JLPT_1 JLPT,L0SI+!WHs#,年齢に関係なく料金は一律千円です。,ねんれいにかんけいなくりょうきんはいちりつせんえんです。,나이와 관계없이 요금은 일률적으로 천 엔입니다.
一括,いっかつ,"일괄, 한데 묶음",JLPT_1 JLPT,R|2p+?1Tx&,支払いは月末に一括でお願いします。,しはらいはげつまつにいっかつでおねがいします。,결제는 월말에 일괄로 부탁드립니다.
一見,いっけん,언뜻 보기에,JLPT_1 JLPT,SL_kuD:5uu,一見簡単そうだが、解くには工夫が要る。,いっけんかんたんそうだが、とくにはくふうがいる。,언뜻 간단해 보이지만 풀려면 궁리가 필요하다.
今更,いまさら,이제와서,JLPT_1 JLPT,W|3lrQR9dv,今更謝っても失った信用は戻らない。,いまさらあやまってもうしなったしんようはもどらない。,이제 와서 사과해도 잃어버린 신뢰는 돌아오지 않는다.
いやに,いやに,"이상하게, 묘하게",JLPT_1 JLPT,0:qH.2v4+?,今日はいやに電車が空いている。,きょうはいやにでんしゃがすいている。,오늘은 이상하게 전철이 한산하다.
内訳,うちわけ,"내역, 명세",JLPT_1 JLPT,^F`1{zHQiZ,請求額の内訳を明細書で確認した。,せいきゅうがくのうちわけをめいさいしょでかくにんした。,청구액의 내역을 명세서로 확인했다.
うなだれる,うなだれる,고개를 숙이다,JLPT_1 JLPT,5RX7#fcd%s,敗戦した選手は黙ってうなだれた。,はいせんしたせんしゅはだまってうなだれた。,패배한 선수는 말없이 고개를 숙였다.
裏腹,うらはら,"정반대, 모순이 됨",JLPT_1 JLPT,hp|_s>A9=r,厳しい言葉とは裏腹に彼の表情は優しかった。,きびしいことばとはうらはらにかれのひょうじょうはやさしかった。,엄한 말과는 반대로 그의 표정은 다정했다.
押収,おうしゅう,압수,JLPT_1 JLPT,Akb~7n60KL,警察は容疑者の自宅から証拠品を押収した。,けいさつはようぎしゃのじたくからしょうこひんをおうしゅうした。,경찰은 용의자의 자택에서 증거품을 압수했다.
おごる,おごる,한턱내다,JLPT_1 JLPT,"x?tXiV*,q^",昇進祝いに今日は私がおごるよ。,しょうしんいわいにきょうはわたしがおごるよ。,승진 축하로 오늘은 내가 한턱낼게.
帯びる,おびる,"(성질, 경향) 띠다",JLPT_1 JLPT,orFy|d|2UW,夕暮れの空が赤みを帯びてきた。,ゆうぐれのそらがあかみをおびてきた。,해 질 무렵 하늘이 붉은빛을 띠기 시작했다.
思い詰める,おもいつめる,골똘히 생각하다,JLPT_1 JLPT,}fq^4Bdu-A,一人で思い詰めず家族に相談しなさい。,ひとりでおもいつめずかぞくにそうだんしなさい。,혼자 골똘히 고민하지 말고 가족에게 의논해라.
（～は）おろか,（～は）おろか,"(~은) 고사하고, (~은) 물론",JLPT_1 JLPT,v(3*dPFc+C,彼は漢字はおろか、ひらがなも読めない。,かれはかんじはおろか、ひらがなもよめない。,그는 한자는 고사하고 히라가나도 읽지 못한다.
解明,かいめい,"해명, 밝힘",JLPT_1 JLPT,Prtk:7(3u5,研究班が感染経路の解明に乗り出した。,けんきゅうはんがかんせんけいろのかいめいにのりだした。,연구팀이 감염 경로 규명에 나섰다.
解約,かいやく,해약,JLPT_1 JLPT,.5Gj/U%:6%,転居に伴い電気の契約を解約した。,てんきょにともないでんきのけいやくをかいやくした。,이사하면서 전기 계약을 해지했다.
抱え込む,かかえこむ,① (양팔로) 껴안다 ② 떠맡다,JLPT_1 JLPT,"Eum6h,Y1gp",仕事を一人で抱え込まず仲間に頼ろう。,しごとをひとりでかかえこまずなかまにたよろう。,일을 혼자 떠안지 말고 동료에게 의지하자.
かすれる,かすれる,"(목이) 쉬다, (글씨가) 흐릿하게 써지다",JLPT_1 JLPT,{21ts2UtRj,叫び続けたせいで声がかすれてしまった。,さけびつづけたせいでこえがかすれてしまった。,계속 소리친 탓에 목소리가 쉬어 버렸다.
かたくな,かたくな,"완고함, 막무가내임",JLPT_1 JLPT,"o6ERS$I$@,",彼は謝罪を求められてもかたくなに拒んだ。,かれはしゃざいをもとめられてもかたくなにこばんだ。,그는 사과를 요구받고도 완강히 거부했다.
合致,がっち,"합치, 일치",JLPT_1 JLPT,OWk+w4ML~v,双方の証言は細部まで合致している。,そうほうのしょうげんはさいぶまでがっちしている。,양측의 증언은 세부까지 일치한다.
かなう,かなう,"희망대로 되다, 이루어지다",JLPT_1 JLPT,aQ;ML2u{=J,長年の夢がかなって自分の店を持てた。,ながねんのゆめがかなってじぶんのみせをもてた。,오랜 꿈이 이루어져 내 가게를 갖게 되었다.
かばう,かばう,"(남의 죄, 잘못) 감싸주다",JLPT_1 JLPT,O)dOSR-y|W,母親は子供をかばって前に立った。,ははおやはこどもをかばってまえにたった。,어머니는 아이를 감싸며 앞에 섰다.
加味,かみ,"(맛, 다른 요소) 더함, 가미",JLPT_1 JLPT,jA@~O5@6pI,利用者の意見も加味して設計を見直した。,りようしゃのいけんもかみしてせっけいをみなおした。,이용자의 의견도 감안해 설계를 재검토했다.
仮に,かりに,"가령, 임시로",JLPT_1 JLPT,.DyW]&|I0`,仮に失敗しても経験は無駄にならない。,かりにしっぱいしてもけいけんはむだにならない。,가령 실패하더라도 경험은 헛되지 않는다.
閑静,かんせい,"조용함, 고요함",JLPT_1 JLPT,"$[g<E,w6^x",駅から離れた閑静な住宅街に引っ越した。,えきからはなれたかんせいなじゅうたくがいにひっこした。,역에서 떨어진 조용한 주택가로 이사했다.
簡素,かんそ,간소,JLPT_1 JLPT,7`CP^E>RPP,式は身内だけで簡素に執り行われた。,しきはみうちだけでかんそにとりおこなわれた。,식은 가족끼리만 간소하게 치러졌다.
かんぺき,かんぺき,완벽함,JLPT_1 JLPT,eEVL3{5<:S,準備はかんぺきだったのに本番で失敗した。,じゅんびはかんぺきだったのにほんばんでしっぱいした。,준비는 완벽했는데 실전에서 실패했다.
ぎこちない,ぎこちない,"어색하다, 딱딱하다",JLPT_1 JLPT,5~W2JAyy(F,初対面の二人は会話がどこかぎこちない。,しょたいめんのふたりはかいわがどこかぎこちない。,처음 만난 두 사람은 대화가 어딘가 어색하다.
きざ,きざ,"불쾌함, 아니꼬움",JLPT_1 JLPT,aF^{F~S[_0,彼のきざな褒め方がどうも鼻につく。,かれのきざなほめかたがどうもはなにつく。,그의 느끼한 칭찬 방식이 아무래도 거슬린다.
兆し,きざし,"조짐, 징조",JLPT_1 JLPT,Xx-H+NIB2`,木々の芽に春の兆しを感じた。,きぎのめにはるのきざしをかんじた。,나무의 새싹에서 봄의 조짐을 느꼈다.
基調,きちょう,"기조, 바탕",JLPT_1 JLPT,J;]%F=QP3~,今年も緊縮路線を基調とする予算が組まれた。,ことしもきんしゅくろせんをきちょうとするよさんがくまれた。,올해도 긴축 노선을 기조로 한 예산이 편성됐다.
軌道,きどう,궤도,JLPT_1 JLPT,2Sy{gzGBP;,事業はようやく軌道に乗り始めた。,じぎょうはようやくきどうにのりはじめた。,사업은 마침내 궤도에 오르기 시작했다.
極端,きょくたん,극단적임,JLPT_1 JLPT,fu=uLW-`xN,食事を極端に減らす減量法は危険だ。,しょくじをきょくたんにへらすげんりょうほうはきけんだ。,식사를 극단적으로 줄이는 감량법은 위험하다.
拠点,きょてん,거점,JLPT_1 JLPT,n<(m5dCF@G,港町を海外展開の拠点に選んだ。,みなとまちをかいがいてんかいのきょてんにえらんだ。,항구 도시를 해외 진출의 거점으로 선택했다.
均等に,きんとうに,균등하게,JLPT_1 JLPT,:r-:9kNDRB,生地を八人分に均等に分ける。,きじをはちにんぶんにきんとうにわける。,반죽을 여덟 사람 몫으로 균등하게 나눈다.
緊密,きんみつ,긴밀함,JLPT_1 JLPT,sYX~f;=rA8,両社は緊密に連携して新製品を開発した。,りょうしゃはきんみつにれんけいしてしんせいひんをかいはつした。,두 회사는 긴밀히 협력해 신제품을 개발했다.
食い違う,くいちがう,"어긋나다, 엇갈리다",JLPT_1 JLPT,Ypft!lK>IV,二人の証言は時間の点で食い違っている。,ふたりのしょうげんはじかんのてんでくいちがっている。,두 사람의 증언은 시간 면에서 엇갈린다.
くじける,くじける,(기세가) 꺾이다,JLPT_1 JLPT,@X{|S-[Ru&,何度失敗しても彼女はくじけなかった。,なんどしっぱいしてもかのじょはくじけなかった。,몇 번 실패해도 그녀는 기가 꺾이지 않았다.
口出し,くちだし,말참견,JLPT_1 JLPT,d}%Z$kT^vs,夫婦の問題に他人が口出しするべきではない。,ふうふのもんだいにたにんがくちだしするべきではない。,부부 문제에 남이 참견해서는 안 된다.
くまなく,くまなく,"분명히, 뚜렷하게, 빠짐없이",JLPT_1 JLPT,^<;BYfEh-3,捜索隊は山中をくまなく捜した。,そうさくたいはさんちゅうをくまなくさがした。,수색대는 산속을 빠짐없이 찾아보았다.
工面,くめん,"변통, 주머니 사정",JLPT_1 JLPT,dK4q{R+b8%,旅費を工面するため週末も働いた。,りょひをくめんするためしゅうまつもはたらいた。,여비를 마련하려고 주말에도 일했다.
欠如,けつじょ,결여,JLPT_1 JLPT,@?(-;*Hp|5,その制度には公平性が欠如している。,そのせいどにはこうへいせいがけつじょしている。,그 제도에는 공평성이 결여되어 있다.
結末,けつまつ,결말,JLPT_1 JLPT,6b8%2Hxv#L,最後まで予想できない結末に驚いた。,さいごまでよそうできないけつまつにおどろいた。,끝까지 예상할 수 없는 결말에 놀랐다.
高尚,こうしょう,고상함,JLPT_1 JLPT,^p_^-hUg6N,彼は高尚な理想を語るが行動が伴わない。,かれはこうしょうなりそうをかたるがこうどうがともなわない。,그는 고상한 이상을 말하지만 행동이 따르지 않는다.
広大,こうだい,광대함,JLPT_1 JLPT,nYCO>CgW`U,眼下には広大な平原が広がっていた。,がんかにはこうだいなへいげんがひろがっていた。,눈 아래에는 광대한 평원이 펼쳐져 있었다.
交付,こうふ,교부,JLPT_1 JLPT,9#~lK_^r#l,市役所で住民票を交付してもらった。,しやくしょでじゅうみんひょうをこうふしてもらった。,시청에서 주민표를 발급받았다.
巧妙,こうみょう,교묘함,JLPT_1 JLPT,"QN,AxOaoh-",巧妙に仕組まれた詐欺に気づかなかった。,こうみょうにしくまれたさぎにきづかなかった。,교묘하게 꾸며진 사기라는 것을 알아차리지 못했다.
心当たり,こころあたり,짐작 가는 곳,JLPT_1 JLPT,Km6}gZ&`0o,鍵の置き場所に心当たりはありませんか。,かぎのおきばしょにこころあたりはありませんか。,열쇠를 둔 곳에 짐작 가는 데가 없습니까?
心構え,こころがまえ,"마음가짐, 각오",JLPT_1 JLPT,CYhfqBl[-U,災害時に備える心構えを忘れてはいけない。,さいがいじにそなえるこころがまえをわすれてはいけない。,재해에 대비하는 마음가짐을 잊어서는 안 된다.
細心,さいしん,세심함,JLPT_1 JLPT,RHW@3Xb8US,危険な薬品なので細心の注意を払う。,きけんなやくひんなのでさいしんのちゅういをはらう。,위험한 약품이므로 세심한 주의를 기울인다.
作動,さどう,작동,JLPT_1 JLPT,Nwx<<./xk@,非常ボタンを押すと警報装置が作動する。,ひじょうぼたんをおすとけいほうそうちがさどうする。,비상 버튼을 누르면 경보 장치가 작동한다.
しがみつく,しがみつく,매달리다,JLPT_1 JLPT,~Mi6L)pQ/6,幼い子供が母親の腕にしがみついた。,おさないこどもがははおやのうでにしがみついた。,어린아이가 어머니의 팔에 매달렸다.
資質,ししつ,자질,JLPT_1 JLPT,"FW0E_6,o]%",彼女には指導者としての資質がある。,かのじょにはしどうしゃとしてのししつがある。,그녀에게는 지도자로서의 자질이 있다.
失脚する,しっきゃくする,실각하다,JLPT_1 JLPT,>Jyt#QJp=8,汚職疑惑で大臣が失脚した。,おしょくぎわくでだいじんがしっきゃくした。,부패 의혹으로 장관이 실각했다.
質素,しっそ,검소함,JLPT_1 JLPT,SkWNhz0W&/,祖母は質素だが満ち足りた生活を送った。,そぼはしっそだがみちたりたせいかつをおくった。,할머니는 검소하지만 만족스러운 삶을 살았다.
実に,じつに,실로,JLPT_1 JLPT,rN?7U?0cME,頂上からの眺めは実に見事だった。,ちょうじょうからのながめはじつにみごとだった。,정상에서 본 경치는 실로 훌륭했다.
しなやか,しなやか,탄력이 있고 유연함,JLPT_1 JLPT,KF6dOQWRJ$,この竹は強い風にも耐えるほどしなやかだ。,このたけはつよいかぜにもたえるほどしなやかだ。,이 대나무는 강풍에도 견딜 만큼 유연하다.
辞任,じにん,사임,JLPT_1 JLPT,q~j)cnp;^7,社長は業績悪化の責任を取り辞任した。,しゃちょうはぎょうせきあっかのせきにんをとりじにんした。,사장은 실적 악화의 책임을 지고 사임했다.
遮断する,しゃだんする,차단하다,JLPT_1 JLPT,Ga*E~kJ>)j,大雪で山間部への道路が遮断された。,おおゆきでさんかんぶへのどうろがしゃだんされた。,폭설로 산간 지역으로 가는 도로가 차단되었다.
終日,しゅうじつ,종일,JLPT_1 JLPT,"srA{,8BJ/L",台風のため終日すべての便が欠航した。,たいふうのためしゅうじつすべてのびんがけっこうした。,태풍 때문에 종일 모든 항공편이 결항했다.
重複,じゅうふく,중복,JLPT_1 JLPT,p![gg$W+^E,名簿に同じ名前が重複して登録されている。,めいぼにおなじなまえがじゅうふくしてとうろくされている。,명부에 같은 이름이 중복 등록되어 있다.
収容する,しゅうようする,수용하다,JLPT_1 JLPT,"=Z%kD6S,14",救助された住民を体育館に収容した。,きゅうじょされたじゅうみんをたいいくかんにしゅうようした。,구조된 주민들을 체육관에 수용했다.
出荷,しゅっか,출하,JLPT_1 JLPT,b3>eENi22@,収穫した野菜を早朝に市場へ出荷する。,しゅうかくしたやさいをそうちょうにいちばへしゅっかする。,수확한 채소를 이른 아침 시장으로 출하한다.
照合,しょうごう,대조,JLPT_1 JLPT,z#zrL2tny),伝票と商品の番号を一つずつ照合した。,でんぴょうとしょうひんのばんごうをひとつずつしょうごうした。,전표와 상품 번호를 하나씩 대조했다.
昇進,しょうしん,승진,JLPT_1 JLPT,LJu7ed`w@0,彼は来月、支店長に昇進する。,かれはらいげつ、してんちょうにしょうしんする。,그는 다음 달 지점장으로 승진한다.
ショック,しょっく,"쇼크, 충격",JLPT_1 JLPT,DPvijcf.pP,突然の解雇に大きなショックを受けた。,とつぜんのかいこにおおきなしょっくをうけた。,갑작스러운 해고에 큰 충격을 받았다.
退く,しりぞく,"물러나다, 후퇴하다",JLPT_1 JLPT,"|xpj,1g}cY",敵の猛攻を受けて部隊は一時退いた。,てきのもうこうをうけてぶたいはいちじしりぞいた。,적의 맹공을 받아 부대는 잠시 후퇴했다.
仕業,しわざ,"소행, 짓",JLPT_1 JLPT,X|nv0F-@ZE,机の落書きは弟の仕業だった。,つくえのらくがきはおとうとのしわざだった。,책상의 낙서는 남동생의 짓이었다.
親善,しんぜん,친선,JLPT_1 JLPT,uGyrS44[-%,両国の選手が親善試合で交流した。,りょうこくのせんしゅがしんぜんじあいでこうりゅうした。,양국 선수들이 친선 경기에서 교류했다.
素早い,すばやい,재빠르다,JLPT_1 JLPT,.c)~a]q4i=,猫は物音に驚いて素早く逃げた。,ねこはものおとにおどろいてすばやくにげた。,고양이는 소리에 놀라 재빨리 달아났다.
ずばりと,ずばりと,딱(정곡을 정확히 찌르는 모양),JLPT_1 JLPT,MLwSih)fee,彼は計画の欠点をずばりと指摘した。,かれはけいかくのけってんをずばりとしてきした。,그는 계획의 결점을 정확히 지적했다.
ずらっと,ずらっと,"늘어선 모양, 주욱",JLPT_1 JLPT,W^-^*w]i;7,店先には新鮮な果物がずらっと並んでいる。,みせさきにはしんせんなくだものがずらっとならんでいる。,가게 앞에는 신선한 과일이 쭉 늘어서 있다.
正当な,せいとうな,정당한,JLPT_1 JLPT,3LMABJ@LUt,正当な理由なく欠席すれば減点される。,せいとうなりゆうなくけっせきすればげんてんされる。,정당한 이유 없이 결석하면 감점된다.
絶滅,ぜつめつ,"절멸, 멸종",JLPT_1 JLPT,}N5km1Gp5/,乱獲によって多くの魚種が絶滅の危機にある。,らんかくによっておおくのぎょしゅがぜつめつのききにある。,남획으로 많은 어종이 멸종 위기에 놓여 있다.
相応,そうおう,"상응, 어울림",JLPT_1 JLPT,LljRR]uUAg,会社は能力相応の給与を提示した。,かいしゃはのうりょくそうおうのきゅうよをていじした。,회사는 능력에 상응하는 급여를 제시했다.
総じて,そうじて,"대체로, 일반적으로",JLPT_1 JLPT,"mK6N,9zECt",この地域の住民は総じて防災意識が高い。,このちいきのじゅうみんはそうじてぼうさいいしきがたかい。,이 지역 주민들은 대체로 방재 의식이 높다.
底力,そこぢから,저력,JLPT_1 JLPT,MZ$-H-|g5A,苦しい試合でチームの底力が発揮された。,くるしいしあいでちーむのそこぢからがはっきされた。,힘든 경기에서 팀의 저력이 발휘되었다.
そそる,そそる,(식욕 등을) 돋우다,JLPT_1 JLPT,1uhYq.>1fO,香ばしい匂いが食欲をそそる。,こうばしいにおいがしょくよくをそそる。,고소한 냄새가 식욕을 돋운다.
備え付ける,そなえつける,"비치하다, 설비하다",JLPT_1 JLPT,`$op~F^X[J,各客室に小型の冷蔵庫を備え付けた。,かくきゃくしつにこがたのれいぞうこをそなえつけた。,각 객실에 소형 냉장고를 비치했다.
そらす,そらす,"(딴 데로) 돌리다, 빗나가게 하다",JLPT_1 JLPT,S#{Grp[gdq,彼は都合の悪い質問から目をそらした。,かれはつごうのわるいしつもんからめをそらした。,그는 곤란한 질문에서 시선을 돌렸다.
耐えがたい,たえがたい,"(괴로움, 자극) 견디기 힘들다",JLPT_1 JLPT,"fZjY)T}s,d",真夏の工事現場は耐えがたい暑さだった。,まなつのこうじげんばはたえがたいあつさだった。,한여름 공사 현장은 견디기 힘든 더위였다.
巧み,たくみ,솜씨가 좋음,JLPT_1 JLPT,"O:}9*2zVw,",職人は巧みな手つきで魚をさばいた。,しょくにんはたくみなてつきでさかなをさばいた。,장인은 능숙한 손놀림으로 생선을 손질했다.
携わる,たずさわる,"(어떤 일) 관계하다, 종사하다",JLPT_1 JLPT,i8u#X]V6IW,父は長年、橋の建設に携わってきた。,ちちはながねん、はしのけんせつにたずさわってきた。,아버지는 오랫동안 다리 건설에 종사해 왔다.
脱却する,だっきゃくする,"탈피하다, 벗어나다",JLPT_1 JLPT,EbvT-tnU%@,古い慣習から脱却するには勇気が要る。,ふるいかんしゅうからだっきゃくするにはゆうきがいる。,낡은 관습에서 벗어나려면 용기가 필요하다.
たやすい,たやすい,"쉽다, 용이하다",JLPT_1 JLPT,X$SmOV<#Nh,基本を理解すれば操作はたやすい。,きほんをりかいすればそうさはたやすい。,기본을 이해하면 조작은 쉽다.
単一,たんいつ,단일,JLPT_1 JLPT,6.bagGX/$8,この機械は単一の電池で動く。,このきかいはたんいつのでんちでうごく。,이 기계는 단일 배터리로 작동한다.
断じて,だんじて,결코,JLPT_1 JLPT,dMT*>_OIpj,暴力による解決は断じて認められない。,ぼうりょくによるかいけつはだんじてみとめられない。,폭력에 의한 해결은 결코 인정할 수 없다.
緻密な,ちみつな,치밀한,JLPT_1 JLPT,F$|sW.hI(P,犯人は緻密な計画を立てていた。,はんにんはちみつなけいかくをたてていた。,범인은 치밀한 계획을 세우고 있었다.
忠実,ちゅうじつ,충실함,JLPT_1 JLPT,to{N0ekNyB,原作に忠実な映画だと評価された。,げんさくにちゅうじつなえいがだとひょうかされた。,원작에 충실한 영화라는 평가를 받았다.
中毒,ちゅうどく,중독,JLPT_1 JLPT,afXxDxan^a,彼はアルコール中毒の治療を受けている。,かれはあるこーるちゅうどくのちりょうをうけている。,그는 알코올 중독 치료를 받고 있다.
調達,ちょうたつ,조달,JLPT_1 JLPT,N?wwpuV45G,海外から必要な部品を調達した。,かいがいからひつようなぶひんをちょうたつした。,해외에서 필요한 부품을 조달했다.
痛烈な,つうれつな,통렬한,JLPT_1 JLPT,Ar5`N2cxDX,首相の発言に野党から痛烈な批判が相次いだ。,しゅしょうのはつげんにやとうからつうれつなひはんがあいついだ。,총리의 발언에 야당의 통렬한 비판이 잇따랐다.
つぶやく,つぶやく,"중얼거리다, 투덜거리다",JLPT_1 JLPT,0emQZMBIJ),彼は結果を見て「信じられない」とつぶやいた。,かれはけっかをみて「しんじられない」とつぶやいた。,그는 결과를 보고 “믿을 수 없어”라고 중얼거렸다.
手厚い,てあつい,"극진하다, 융숭하다",JLPT_1 JLPT,8cTa(5!2)d,被災者には手厚い支援が必要だ。,ひさいしゃにはてあついしえんがひつようだ。,이재민에게는 두터운 지원이 필요하다.
提起,ていき,제기,JLPT_1 JLPT,LS<U<r?a^U,住民が騒音問題を市議会に提起した。,じゅうみんがそうおんもんだいをしぎかいにていきした。,주민이 소음 문제를 시의회에 제기했다.
手痛い,ていたい,"뼈아프다, 타격이 크다",JLPT_1 JLPT,ji0|r=Ld9w,主力選手の離脱はチームに手痛い打撃だ。,しゅりょくせんしゅのりだつはちーむにていたいだげきだ。,주전 선수의 이탈은 팀에 뼈아픈 타격이다.
撤回,てっかい,철회,JLPT_1 JLPT,<`zkW/JWq2,批判を受けて会社は新方針を撤回した。,ひはんをうけてかいしゃはしんほうしんをてっかいした。,비판을 받고 회사는 새 방침을 철회했다.
デマ,でま,"헛소문, 유언비어",JLPT_1 JLPT,YaP+~b0N11,根拠のないデマを広めてはいけない。,こんきょのないでまをひろめてはいけない。,근거 없는 헛소문을 퍼뜨려서는 안 된다.
問い詰める,といつめる,"추궁하다, 힐난하다",JLPT_1 JLPT,_tv(nez{Qg,母親は帰宅が遅れた理由を息子に問い詰めた。,ははおやはきたくがおくれたりゆうをむすこにといつめた。,어머니는 귀가가 늦은 이유를 아들에게 추궁했다.
どうやら,どうやら,"어쩐지, 아무래도",JLPT_1 JLPT,ucBIj2.l6q,雨音がしないので、どうやら雨はやんだらしい。,あまおとがしないので、どうやらあめはやんだらしい。,빗소리가 나지 않는 걸 보니 아무래도 비가 그친 모양이다.
とく,とく,같다,JLPT_1 JLPT,9F@p0JI{Q=,飲み物は先に冷蔵庫へ入れとくね。,のみものはさきにれいぞうこへいれとくね。,음료는 미리 냉장고에 넣어 둘게.
特産,とくさん,특산,JLPT_1 JLPT,eh++L6#2x5,この地方はみかんの特産地として知られる。,このちほうはみかんのとくさんちとしてしられる。,이 지방은 귤 특산지로 알려져 있다.
遂げる,とげる,이루다,JLPT_1 JLPT,dWz~z;f>#$,彼女は史上初の三連覇を遂げた。,かのじょはしじょうはつのさんれんぱをとげた。,그녀는 사상 최초의 3연패를 이루었다.
とっくに,とっくに,"훨씬 전에, 벌써",JLPT_1 JLPT,2Tc;Cb_e^G,頼まれた仕事ならとっくに終わっている。,たのまれたしごとならとっくにおわっている。,부탁받은 일이라면 벌써 끝났다.
突如,とつじょ,"갑자기, 별안간",JLPT_1 JLPT,*/NRp!kFjT,突如、大きな音とともに照明が消えた。,とつじょ、おおきなおととともにしょうめいがきえた。,갑자기 큰 소리와 함께 조명이 꺼졌다.
なつく,なつく,따르다,JLPT_1 JLPT,WQ1TD^0vw},毎日餌をやると野良猫が私になついた。,まいにちえさをやるとのらねこがわたしになついた。,매일 먹이를 주자 길고양이가 나를 따르게 됐다.
なんとか,なんとか,"어떻게든, 그럭저럭",JLPT_1 JLPT,sD&twE;>oM,締め切りまでになんとか原稿を書き上げた。,しめきりまでになんとかげんこうをかきあげた。,마감까지 어떻게든 원고를 완성했다.
にぎわう,にぎわう,"활기차다, 붐비다",JLPT_1 JLPT,=$0tncQ2Yq,週末の市場は観光客でにぎわう。,しゅうまつのいちばはかんこうきゃくでにぎわう。,주말 시장은 관광객으로 붐빈다.
抜き打ち,ぬきうち,"갑자기, 불시에",JLPT_1 JLPT,W2x2N2?VAS,税務署が店に抜き打ちで検査に入った。,ぜいむしょがみせにぬきうちでけんさにはいった。,세무서가 가게에 불시 검사를 나왔다.
入手,にゅうしゅ,"입수, 손에 넣음",JLPT_1 JLPT,79/nmgBaW5,発売日に限定版を入手できた。,はつばいびにげんていばんをにゅうしゅできた。,발매일에 한정판을 손에 넣을 수 있었다.
望ましい,のぞましい,바람직하다,JLPT_1 JLPT,}nhLiu(z|Z,双方が納得できる解決が望ましい。,そうほうがなっとくできるかいけつがのぞましい。,양측이 납득할 수 있는 해결이 바람직하다.
乗り出す,のりだす,"적극적으로 나서다, 착수하다",JLPT_1 JLPT,pH)8^>-<Z9,自治体は観光客の誘致に乗り出した。,じちたいはかんこうきゃくのゆうちにのりだした。,지자체는 관광객 유치에 적극 나섰다.
ののしる,ののしる,"욕을 퍼붓다, 매도하다",JLPT_1 JLPT,"KMy1,/2LP)",観客は反則した選手を激しくののしった。,かんきゃくははんそくしたせんしゅをはげしくののしった。,관중은 반칙한 선수를 심하게 욕했다.
配属,はいぞく,배속,JLPT_1 JLPT,E&GZ:=wgkN,新入社員は来月から大阪支店に配属される。,しんにゅうしゃいんはらいげつからおおさかしてんにはいぞくされる。,신입 사원은 다음 달부터 오사카 지점에 배속된다.
配布,はいふ,배포,JLPT_1 JLPT,"W06-@z:,ht",駅前で災害時の避難地図を配布した。,えきまえでさいがいじのひなんちずをはいふした。,역 앞에서 재해 시 대피 지도를 배포했다.
はがす,はがす,"벗기다, 떼다",JLPT_1 JLPT,|`J[~1fbzA,値札をはがしてから贈り物を包んだ。,ねふだをはがしてからおくりものをつつんだ。,가격표를 떼고 나서 선물을 포장했다.
はかどる,はかどる,진척되다,JLPT_1 JLPT,o&.&Gu5;]`,静かな場所では勉強がよくはかどる。,しずかなばしょではべんきょうがよくはかどる。,조용한 곳에서는 공부가 잘된다.
迫力,はくりょく,"박력, 압도적인 힘",JLPT_1 JLPT,#$T@>dT8Dq,舞台で聞いた生演奏は迫力があった。,ぶたいできいたなまえんそうははくりょくがあった。,무대에서 들은 라이브 연주는 박력이 있었다.
はなはだしい,はなはだしい,"매우 심하다, 대단하다",JLPT_1 JLPT,KuahNKWoHP,今年は地域による気温差がはなはだしい。,ことしはちいきによるきおんさがはなはだしい。,올해는 지역에 따른 기온 차가 매우 심하다.
腹が立つ,はらがたつ,화가 나다,JLPT_1 JLPT,}S@_:WfF>1,約束を何度も破られて腹が立った。,やくそくをなんどもやぶられてはらがたった。,약속을 몇 번이나 어겨서 화가 났다.
煩雑,はんざつ,번잡함(번거롭고 복잡함),JLPT_1 JLPT,y9a*.SA<h],申請の手続きが煩雑で時間がかかる。,しんせいのてつづきがはんざつでじかんがかかる。,신청 절차가 번거롭고 복잡해서 시간이 걸린다.
繁盛,はんじょう,"번성, 번창",JLPT_1 JLPT,f#R$+FHmsr,駅前に移転してから店が繁盛している。,えきまえにいてんしてからみせがはんじょうしている。,역 앞으로 이전한 뒤 가게가 번창하고 있다.
ひたむき,ひたむき,"외곬으로, 한결같이",JLPT_1 JLPT,jBZl:b.0j3,彼女のひたむきな姿勢が周囲の心を動かした。,かのじょのひたむきなしせいがしゅういのこころをうごかした。,그녀의 한결같은 자세가 주변 사람들의 마음을 움직였다.
人一倍,ひといちばい,"두 배, 갑절, 한층 더",JLPT_1 JLPT,:5E4F:3R]c,兄は人一倍努力して代表選手になった。,あにはひといちばいどりょくしてだいひょうせんしゅになった。,형은 남보다 훨씬 더 노력해 국가대표 선수가 되었다.
人手,ひとで,일손,JLPT_1 JLPT,Q1gYMEWg/!,人手が足りず店長も厨房を手伝った。,ひとでがたりずてんちょうもちゅうぼうをてつだった。,일손이 부족해 점장도 주방 일을 도왔다.
秘める,ひめる,① 숨기다 ② (속에) 간직하다,JLPT_1 JLPT,1BsF$V}!X=,この小さな種は強い生命力を秘めている。,このちいさなたねはつよいせいめいりょくをひめている。,이 작은 씨앗은 강한 생명력을 품고 있다.
拍子,ひょうし,① 박자 ② ~하는 바람에,JLPT_1 JLPT,)8bvmy:.q5,立ち上がった拍子に棚に頭をぶつけた。,たちあがったひょうしにたなにあたまをぶつけた。,일어서는 바람에 선반에 머리를 부딪쳤다.
品種,ひんしゅ,품종,JLPT_1 JLPT,s}=Jl_^BJ?,病気に強い米の品種が開発された。,びょうきにつよいこめのひんしゅがかいはつされた。,병에 강한 쌀 품종이 개발되었다.
風潮,ふうちょう,풍조,JLPT_1 JLPT,hDnpKG2iTn,若者の間で転職を前向きに捉える風潮が広がった。,わかもののあいだでてんしょくをまえむきにとらえるふうちょうがひろがった。,젊은이들 사이에서 이직을 긍정적으로 보는 풍조가 퍼졌다.
ぶかぶか,ぶかぶか,헐렁헐렁,JLPT_1 JLPT,QR{m~yWRQV,この靴は大きすぎてぶかぶかだ。,このくつはおおきすぎてぶかぶかだ。,이 신발은 너무 커서 헐렁하다.
不順,ふじゅん,불순함,JLPT_1 JLPT,6*LltxBw/_,天候不順で野菜の価格が上がった。,てんこうふじゅんでやさいのかかくがあがった。,고르지 못한 날씨로 채소 가격이 올랐다.
復旧,ふっきゅう,복구,JLPT_1 JLPT,w_t4?!iNO(,大雨で止まった鉄道は翌朝復旧した。,おおあめでとまったてつどうはよくあさふっきゅうした。,폭우로 멈춘 철도는 다음 날 아침 복구되었다.
不服,ふふく,"불만, 납득이 가지 않음",JLPT_1 JLPT,#$BK`cb1bO,判定を不服として選手側が抗議した。,はんていをふふくとしてせんしゅがわがこうぎした。,판정에 불복해 선수 측이 항의했다.
不満,ふまん,불만,JLPT_1 JLPT,K^6;ey~P9G,客は料理が冷たいと不満を漏らした。,きゃくはりょうりがつめたいとふまんをもらした。,손님은 음식이 차갑다며 불만을 터뜨렸다.
ぺこぺこ,ぺこぺこ,굽실굽실,JLPT_1 JLPT,6HN[IvB|vv,彼は上司に会うたびぺこぺこ頭を下げる。,かれはじょうしにあうたびぺこぺこあたまをさげる。,그는 상사를 만날 때마다 굽실거리며 고개를 숙인다.
へりくだる,へりくだる,자기를 낮추다,JLPT_1 JLPT,7q4WRC-hEl,必要以上にへりくだる話し方はかえって不自然だ。,ひつよういじょうにへりくだるはなしかたはかえってふしぜんだ。,필요 이상으로 자신을 낮추는 말투는 오히려 부자연스럽다.
ボイコット,ぼいこっと,"보이콧, 불매 동맹",JLPT_1 JLPT,kBm>q{Qy4s,人権侵害に抗議して大会をボイコットした。,じんけんしんがいにこうぎしてたいかいをぼいこっとした。,인권 침해에 항의해 대회를 보이콧했다.
没頭,ぼっとう,몰두,JLPT_1 JLPT,==_%M!m5kC,時間を忘れて研究に没頭した。,じかんをわすれてけんきゅうにぼっとうした。,시간을 잊고 연구에 몰두했다.
ぽつぽつ,ぽつぽつ,"슬슬, 조금씩",JLPT_1 JLPT,ab#b(>ZB#(,春になると観光客がぽつぽつ訪れ始める。,はるになるとかんこうきゃくがぽつぽつおとずれはじめる。,봄이 되면 관광객이 조금씩 찾아오기 시작한다.
補填する,ほてんする,"보충하다, 채우다",JLPT_1 JLPT,"3I6,k9+Oak",予備費で工事費の不足分を補填した。,よびひでこうじひのふそくぶんをほてんした。,예비비로 공사비 부족분을 충당했다.
ほどける,ほどける,(저절로) 풀어지다,JLPT_1 JLPT,"tOK},4N=Kw",歩いているうちに靴ひもがほどけた。,あるいているうちにくつひもがほどけた。,걷는 사이에 신발 끈이 풀렸다.
程遠い,ほどとおい,"동떨어지다, 차이가 많이 나다",JLPT_1 JLPT,Op%[t8fKV3,現在の成績は優勝には程遠い。,げんざいのせいせきはゆうしょうにはほどとおい。,현재 성적은 우승과는 거리가 멀다.
ほほえましい,ほほえましい,흐뭇하다,JLPT_1 JLPT,mhbIrblXso,幼い兄妹が手をつないで歩く姿はほほえましい。,おさないきょうだいがてをつないであるくすがたはほほえましい。,어린 남매가 손을 잡고 걷는 모습은 흐뭇하다.
滅びる,ほろびる,"멸망하다, 쇠퇴하다",JLPT_1 JLPT,:ALmct*1O],水源を失えばこの村はいずれ滅びる。,すいげんをうしなえばこのむらはいずれほろびる。,수원을 잃으면 이 마을은 언젠가 사라질 것이다.
保留,ほりゅう,보류,JLPT_1 JLPT,w+4mqBtSQc,詳細が決まるまで契約するかどうかの判断を保留した。,しょうさいがきまるまでけいやくするかどうかのはんだんをほりゅうした。,세부 사항이 정해질 때까지 계약 여부에 대한 판단을 보류했다.
交える,まじえる,"섞다, 교차시키다, 주고받다",JLPT_1 JLPT,0Y(({$D$Me,冗談を交えながら新入社員を紹介した。,じょうだんをまじえながらしんにゅうしゃいんをしょうかいした。,농담을 섞어 가며 신입 사원을 소개했다.
真っ先,まっさき,맨 먼저,JLPT_1 JLPT,%43Cn^r4Pc,事故の知らせを聞いて真っ先に現場へ向かった。,じこのしらせをきいてまっさきにげんばへむかった。,사고 소식을 듣고 가장 먼저 현장으로 향했다.
まるまる,まるまる,"전부, 완전히",JLPT_1 JLPT,2wpaZbeZ%l,夏休みをまるまる一か月海外で過ごした。,なつやすみをまるまるいっかげつかいがいですごした。,여름 방학 한 달 전부를 해외에서 보냈다.
まろやかな,まろやかな,"부드러운, 순한",JLPT_1 JLPT,]h+?Zx%|^9,このワインは酸味が少なくまろやかな味わいだ。,このわいんはさんみがすくなくまろやかなあじわいだ。,이 와인은 신맛이 적고 부드러운 맛이다.
満喫,まんきつ,만끽,JLPT_1 JLPT,TVTbKvfYo7,温泉と郷土料理を存分に満喫した。,おんせんときょうどりょうりをぞんぶんにまんきつした。,온천과 향토 요리를 마음껏 만끽했다.
見失う,みうしなう,보던 것을 놓치다,JLPT_1 JLPT,WF/ir_zK;c,雑踏の中で友人を見失った。,ざっとうのなかでゆうじんをみうしなった。,붐비는 인파 속에서 친구를 놓쳤다.
見落とす,みおとす,"간과하다, 빠뜨리고 보다",JLPT_1 JLPT,R{M(BFA:N3,急いで確認したため誤字を見落とした。,いそいでかくにんしたためごじをみおとした。,서둘러 확인한 탓에 오자를 놓쳤다.
満たない,みたない,(기준·한도에 차지 않아) 부족하다,JLPT_1 JLPT,1<h+meLPgx,会場に集まったのは百人に満たなかった。,かいじょうにあつまったのはひゃくにんにみたなかった。,행사장에 모인 사람은 백 명이 채 되지 않았다.
密集,みっしゅう,밀집,JLPT_1 JLPT,7&RvGf>aQd,狭い地域に工場が密集している。,せまいちいきにこうじょうがみっしゅうしている。,좁은 지역에 공장이 밀집해 있다.
無造作に,むぞうさに,"손쉽게, 간단히, 아무렇게나",JLPT_1 JLPT,LwKy%`tJ]Q,彼は届いた手紙を無造作に机に置いた。,かれはとどいたてがみをむぞうさにつくえにおいた。,그는 도착한 편지를 아무렇게나 책상에 놓았다.
目がさえる,めがさえる,"잠이 안 오다, 눈이 말똥말똥하다",JLPT_1 JLPT,]iimZ3z#VB,濃いコーヒーを飲んだせいで目がさえて眠れない。,こいこーひーをのんだせいでめがさえてねむれない。,진한 커피를 마신 탓에 눈이 말똥말똥해 잠들 수 없다.
目覚ましい,めざましい,"눈부시다, 놀랍다",JLPT_1 JLPT,)t/0J~=BLf,新薬の開発で目覚ましい成果を上げた。,しんやくのかいはつでめざましいせいかをあげた。,신약 개발에서 눈부신 성과를 거두었다.
目まぐるしい,めまぐるしい,"눈이 핑핑 돌다, 변화가 빠르다",JLPT_1 JLPT,`[sH)W]BaB,流行が目まぐるしく変わる業界で働いている。,りゅうこうがめまぐるしくかわるぎょうかいではたらいている。,유행이 빠르게 바뀌는 업계에서 일하고 있다.
目安,めやす,"목표, 기준",JLPT_1 JLPT,+*^pOQ0rLo,一日二千歩を運動の目安にしている。,いちにちにせんぽをうんどうのめやすにしている。,하루 2천 보를 운동 기준으로 삼고 있다.
面識,めんしき,"면식, 안면",JLPT_1 JLPT,Jkr%0W|ZK-,彼とは面識があるが話したことはない。,かれとはめんしきがあるがはなしたことはない。,그와는 안면은 있지만 이야기한 적은 없다.
免除,めんじょ,면제,JLPT_1 JLPT,"N*m,n=[D9@",一定の条件を満たせば入学金が免除される。,いっていのじょうけんをみたせばにゅうがくきんがめんじょされる。,일정한 조건을 충족하면 입학금이 면제된다.
もたらす,もたらす,"가져오다, 초래하다",JLPT_1 JLPT,SX|okG43X&,技術革新は私たちの生活に大きな変化をもたらした。,ぎじゅつかくしんはわたしたちのせいかつにおおきなへんかをもたらした。,기술 혁신은 우리 생활에 큰 변화를 가져왔다.
もはや,もはや,"이제는, 벌써",JLPT_1 JLPT,FBroOEE`r+,この建物はもはや修復できない状態だ。,このたてものはもはやしゅうふくできないじょうたいだ。,이 건물은 이제는 복구할 수 없는 상태다.
養う,やしなう,"양육하다, 기르다",JLPT_1 JLPT,.|&ry1Y0{-,読書は想像力を養うのに役立つ。,どくしょはそうぞうりょくをやしなうのにやくだつ。,독서는 상상력을 기르는 데 도움이 된다.
優位,ゆうい,우위(다른 것보다 유리한 입장),JLPT_1 JLPT,C*H1}{CYS+,後半は体力のある選手が優位に立った。,こうはんはたいりょくのあるせんしゅがゆういにたった。,후반에는 체력이 좋은 선수가 우위를 점했다.
有数,ゆうすう,"유수, 손꼽힘",JLPT_1 JLPT,q*I}4IdB8c,京都は国内有数の観光都市だ。,きょうとはこくないゆうすうのかんこうとしだ。,교토는 국내에서 손꼽히는 관광 도시다.
誘致,ゆうち,(공장이나 기업의) 유치,JLPT_1 JLPT,t2hc9#iMiK,市は郊外に工場を誘致する計画だ。,しはこうがいにこうじょうをゆうちするけいかくだ。,시는 교외에 공장을 유치할 계획이다.
譲る,ゆずる,"넘겨주다, 양도하다",JLPT_1 JLPT,*^VKs@f4+W,妊婦に席を譲る学生を見かけた。,にんぷにせきをゆずるがくせいをみかけた。,임신부에게 자리를 양보하는 학생을 보았다.
要請,ようせい,요청,JLPT_1 JLPT,",*i^z^`WB6",政府は住民に速やかな避難を要請した。,せいふはじゅうみんにすみやかなひなんをようせいした。,정부는 주민들에게 신속한 대피를 요청했다.
要望,ようぼう,"요망, 간절히 바람",JLPT_1 JLPT,&SXkXx-.i),利用者から営業時間延長の要望が寄せられた。,りようしゃからえいぎょうじかんえんちょうのようぼうがよせられた。,이용자들로부터 영업시간 연장 요구가 접수되었다.
よほど,よほど,"훨씬, 상당히",JLPT_1 JLPT,";(@0U8sS5,",外は室内よりよほど寒かった。,そとはしつないよりよほどさむかった。,밖은 실내보다 훨씬 추웠다.
リタイア,りたいあ,① 기권 ② 은퇴,JLPT_1 JLPT,Y%Oc7x/-4H,足を痛めた選手が途中でリタイアした。,あしをいためたせんしゅがとちゅうでりたいあした。,다리를 다친 선수가 도중에 기권했다.
両立,りょうりつ,"양립, 병행",JLPT_1 JLPT,?Adb>xd4ZX,育児と仕事を無理なく両立させたい。,いくじとしごとをむりなくりょうりつさせたい。,육아와 일을 무리 없이 병행하고 싶다.
連携,れんけい,제휴,JLPT_1 JLPT,W_VL4bA0>P,病院と消防が連携して救助訓練を行った。,びょういんとしょうぼうがれんけいしてきゅうじょくんれんをおこなった。,병원과 소방이 협력해 구조 훈련을 실시했다.
露骨,ろこつ,노골적임,JLPT_1 JLPT,>!t:wD%>Gk,彼は嫌悪感を露骨に顔に出した。,かれはけんおかんをろこつにかおにだした。,그는 혐오감을 노골적으로 얼굴에 드러냈다.
