expression,reading,meaning,tags,guid
軽蔑,けいべつ,경멸,JLPT_1 JLPT,"lOS,!wvUe["
経歴,けいれき,경력,JLPT_1 JLPT,D*n(@DRyq`
経路,けいろ,경로,JLPT_1 JLPT,AQ(D;C-S!0
けがらわしい,けがらわしい,추잡한·불결한,JLPT_1 JLPT,lJNQ&9#g@p
劇団,げきだん,극단,JLPT_1 JLPT,%y17:4{hj
激励,げきれい,격려,JLPT_1 JLPT,C6/gh1N08I
ゲスト,ゲスト,게스트·손님,JLPT_1 JLPT,lW>d7fCUoL
獣,けだもの,짐승,JLPT_1 JLPT,"o.IW_<j!,1"
決,けつ,결·결정,JLPT_1 JLPT,h7W;[eV_6*
決意,けつい,결의,JLPT_1 JLPT,Gg{:k%<AT6
結核,けっかく,결핵,JLPT_1 JLPT,dB99/5N;ta
決議,けつぎ,결의,JLPT_1 JLPT,tcKhTpRM%o
結合,けつごう,결합,JLPT_1 JLPT,Q*@FzK(@81
決算,けっさん,결산,JLPT_1 JLPT,z2iqWC-nB~
月謝,げっしゃ,월사금,JLPT_1 JLPT,t[*0i:*.#i
決勝,けっしょう,결승,JLPT_1 JLPT,NFjb:+3q7*
結晶,けっしょう,결정,JLPT_1 JLPT,x*(Q^EE$u3
結成,けっせい,결성,JLPT_1 JLPT,c_%F>ZhYyr
結束,けっそく,결속,JLPT_1 JLPT,JdP5@BTWkb
げっそり,げっそり,홀쭉해짐·낙담함,JLPT_1 JLPT,EtlnVvKbZd
決断,けつだん,결단,JLPT_1 JLPT,w;j;5-!>6(
月賦,げっぷ,월부,JLPT_1 JLPT,I{X4ZTn7X9
欠乏,けつぼう,결핍,JLPT_1 JLPT,x8kzLzQh~#
蹴飛ばす,けとばす,걷어차다,JLPT_1 JLPT,b5){X3eg^W
けなす,けなす,깎아내리다·헐뜯다,JLPT_1 JLPT,BA]o8V-nRc
煙たい,けむたい,거북한·연기 나는,JLPT_1 JLPT,M_8T~aeKk.
煙る,けむる,연기 나다·흐릿하다,JLPT_1 JLPT,"O+^L$,-au7"
獣,けもの,짐승,JLPT_1 JLPT,q-7J3|/7Vg
家来,けらい,가신·하인,JLPT_1 JLPT,n|b=[)XZ>2
下痢,げり,설사,JLPT_1 JLPT Intermediate_Japanese_Ln.12 Intermediate_Japanese,D94n#KX+u`
権威,けんい,권위,JLPT_1 JLPT,lZZG^l>c$z
兼業,けんぎょう,겸업,JLPT_1 Intermediate_Japanese_Ln.14 JLPT Intermediate_Japanese,x9DFE@YYzp
原形,げんけい,원형,JLPT_1 JLPT,"y2|y)U#`,-"
原型,げんけい,원형·모델,JLPT_1 JLPT,"d5x_w+I&U,"
権限,けんげん,권한,JLPT_1 JLPT,wsBe&qWS]u
現行,げんこう,현행,JLPT_1 JLPT,cB#>jxDt}]
健在,けんざい,건재한,JLPT_1 JLPT,K?xI8~wHA>
原作,げんさく,원작,JLPT_1 JLPT,"K<e+,WSWtr"
検事,けんじ,검사,JLPT_1 JLPT,H[xn?@;-+x
原子,げんし,원자,JLPT_1 JLPT,"b[T}G,9]G?"
元首,げんしゅ,원수·군주,JLPT_1 JLPT,cJ-$.|^5r+
原書,げんしょ,원서,JLPT_1 JLPT,wBia;+PSDE
懸賞,けんしょう,현상·현상금,JLPT_1 JLPT,B7|NMN9B[B
健全,けんぜん,건전한,JLPT_1 JLPT,u-bm~%/EH(
元素,げんそ,원소,JLPT_1 JLPT,B2tvGhK[&9
同調,どうちょう,동조·찬성,JLPT_1 JLPT,n#0+>4}sN5
到底,とうてい,도저히·도대체,JLPT_1 JLPT,C.#O<.PWZ+
動的,どうてき,동적인,JLPT_1 JLPT,k^9j&Q>>|N
尊い,とうとい,귀중한·존귀한,JLPT_1 JLPT,o/:X}@s/ud
貴い,とうとい,귀중한·존귀한,JLPT_1 JLPT,uE?!53}hB@
同等,どうとう,동등,JLPT_1 JLPT,sS(wNIrQN<
堂々,どうどう,당당한,JLPT_1 JLPT,O@p/U*&n{h
尊ぶ,とうとぶ,존중하다·공경하다,JLPT_1 JLPT,NH2!B2Yh2E
どうにか,どうにか,어떻게든,JLPT_1 JLPT,l_xfmqX[ub
投入,とうにゅう,투입,JLPT_1 JLPT,mwsjMMb<d>
導入,どうにゅう,도입,JLPT_1 JLPT Intermediate_Japanese_Ln.12 Intermediate_Japanese,m1+j$HqcF;
当人,とうにん,당사자·본인,JLPT_1 JLPT,l]4=/bCF3a
同封,どうふう,동봉,JLPT_1 JLPT,hnY+6g21h_
逃亡,とうぼう,도망,JLPT_1 JLPT,qqqC#4{p[V
冬眠,とうみん,동면,JLPT_1 JLPT,"B+T>Lb-B&,"
同盟,どうめい,동맹,JLPT_1 JLPT,oBig^AFvC5
どうやら,どうやら,아무래도·간신히,JLPT_1 JLPT,LZH$.!k~sm
動力,どうりょく,동력,JLPT_1 JLPT,gcbdGzw%jw
登録,とうろく,등록,JLPT_1 JLPT,w(]v<(of^0
討論,とうろん,토론,JLPT_1 JLPT Intermediate_Japanese_Ln.15 Intermediate_Japanese,ft/}AOp*ZE
遠ざかる,とおざかる,멀어지다,JLPT_1 JLPT,nANBsXm^[4
遠回り,とおまわり,멀리 돌아감·우회,JLPT_1 JLPT,u;(Y+10j3P
トーン,トーン,톤·어조,JLPT_1 JLPT,O1)Y~lZnk@
とかく,とかく,어쨌든·여하튼,JLPT_1 JLPT,Jhr>yBj`X[
とがめる,とがめる,책망하다·비난하다,JLPT_1 JLPT,tCyhd<KEBb
時折,ときおり,때때로·가끔,JLPT_1 JLPT,cBC8l)@|Bd
とぎれる,とぎれる,끊기다,JLPT_1 JLPT,M`gmYE]A0;
研ぐ,とぐ,갈다·닦다,JLPT_1 JLPT,lUJgFysD==
特技,とくぎ,특기,JLPT_1 JLPT Intermediate_Japanese_Ln.8 Intermediate_Japanese,"iyF,MXDXX4"
独裁,どくさい,독재,JLPT_1 JLPT,"c+G[A,i*M0"
特産,とくさん,특산물,JLPT_1 JLPT,Cyr8}5s:<j
独自,どくじ,독자적인,JLPT_1 JLPT,iCBdeKS#GI
特集,とくしゅう,특집,JLPT_1 JLPT,wi!>SN]gEF
独占,どくせん,독점,JLPT_1 JLPT,j~8Pw]-mt@
独創,どくそう,독창,JLPT_1 JLPT,gXnxl+EiHr
得点,とくてん,득점,JLPT_1 JLPT,"u`t,J1?=>5"
特派,とくは,특파,JLPT_1 JLPT,HzEPo`9b]p
特有,とくゆう,특유,JLPT_1 JLPT,s!rvO*5;{%
とげ,とげ,가시,JLPT_1 JLPT,hJ#iZ92?#q
遂げる,とげる,이루다·성취하다,JLPT_1 JLPT,xrXbhn4rr4
～どころか,～どころか,~은커녕,JLPT_1 JLPT,EHH{[82H7I
年頃,としごろ,나이 때·적령기,JLPT_1 JLPT,etGaTJBp9c
戸締り,とじまり,문단속,JLPT_1 JLPT,br8:Ms=|$#
途上,とじょう,도중,JLPT_1 JLPT,u0JdXEY0c~
土台,どだい,토대,JLPT_1 JLPT,cvkea1V_|{
途絶える,とだえる,끊기다·두절되다,JLPT_1 JLPT,G6Wu+!]SF@
特許,とっきょ,특허,JLPT_1 JLPT,y;*Z>uq]4W
特権,とっけん,특권,JLPT_1 JLPT,k%B0csu$EA
とっさに,とっさに,순간적으로·즉시,JLPT_1 JLPT,q}5LIfDsGB
突如,とつじょ,돌연·갑자기,JLPT_1 JLPT,vs{$6V?ZhH
とって,とって,손잡이,JLPT_1 JLPT,G05L%<Kvt?
突破,とっぱ,돌파,JLPT_1 JLPT,BUU#!_nB`?
土手,どて,제방·둑,JLPT_1 JLPT,P7Y3[uoFO/
届,とどけ,신고·신고서,JLPT_1 JLPT,k&rtuoJHn+
滞る,とどこおる,정체되다·지체되다,JLPT_1 JLPT,K*Hz>u1V/7
整える,ととのえる,조절하다·정돈하다·마련하다,JLPT_1 JLPT,yz)tg)bvJH
止める,とどめる,그치다·멈추다·머무르게 하다,JLPT_1 JLPT,IgE:xC]C-g
唱える,となえる,주창하다·읊다,JLPT_1 JLPT,Gg`8L(I3?q
殿様,とのさま,영주·어르신,JLPT_1 JLPT,xjLi|(N)Y!
土俵,どひょう,씨름판 (도표),JLPT_1 JLPT,kt7if2NoDZ
扉,とびら,문·속표지,JLPT_1 JLPT,I24=_qRNG{
溝,どぶ,도랑·시궁창,JLPT_1 JLPT,Hzol[}&YZl
徒歩,とほ,도보,JLPT_1 JLPT,Fjm7hAD%fu
土木,どぼく,토목,JLPT_1 JLPT,jgd#[Gmw^^
とぼける,とぼける,시치미 떼다·얼빠진 짓을 하다,JLPT_1 JLPT,HA39$4<O7S
乏しい,とぼしい,부족한·가난한,JLPT_1 JLPT,"wt#tsoF,$N"
富,とみ,부·재산,JLPT_1 JLPT,kl&?2R4Ul?
富む,とむ,풍부하다·부유하다,JLPT_1 JLPT,Q?~wK|+t|p
共稼ぎ,ともかせぎ,맞벌이,JLPT_1 JLPT,"K<|&apg,,5"
伴う,ともなう,동반하다·수반하다,JLPT_1 JLPT,ntk-`u.Caj
共働き,ともばたら기,맞벌이,JLPT_1 Intermediate_Japanese_Ln.14 JLPT Intermediate_Japanese,KsJK.WMk9k
ドライ,ドライ,드라이·건조한,JLPT_1 JLPT,uyF82nwuCT
ドライクリー닝,ドライクリーニング,드라이클리닝,JLPT_1 JLPT,hI<4F;7$M(
ドライバー,ドライバー,드라이버,JLPT_1 JLPT,JR*AC1{b!P
ドライブイン,ドライブイン,드라이브인,JLPT_1 JLPT,lGQ5H]umJ
トラブル,トラブル,트러블·분쟁,JLPT_1 JLPT,fF~?5;]hHp
トランジスター,トランジスター,트랜지스터,JLPT_1 JLPT,G8*[Jm%i5[
とりあえず,とりあえず,우선·당분간,JLPT_1 JLPT,"A3E,EB~Q2G"
取扱,とりあつかい,취급,JLPT_1 JLPT,rBTr^DU*Cx
取り扱う,とりあつかう,취급하다·다루다,JLPT_1 JLPT,f<xt2FJB#W
鳥居,とりい,토리이,JLPT_1 JLPT,bwgFGu0jgU
取り替え,とりかえ,교체,JLPT_1 JLPT,"LmK#s,9;im"
取り組む,とりくむ,맞붙다·몰두하다,JLPT_1 JLPT,FUhxb`Icnx
取締り,とりしまり,단속,JLPT_1 JLPT,Nn_#J1j`cb
取り締まる,とりしまる,단속하다·관리하다,JLPT_1 JLPT,u>YtS}dO87
取り調べる,とりしらべる,조사하다·심문하다,JLPT_1 JLPT,"lTv.J/i,RR"
取り立てる,とりたてる,징수하다·발탁하다,JLPT_1 JLPT,u]pjW8@;4G
取り次ぐ,とりつぐ,중개하다·전하다·접수하다,JLPT_1 JLPT,h81vV]thLx
取り付ける,とりつける,설치하다·확정하다,JLPT_1 JLPT,OLVn)Sl<l<
取り除く,とりのぞく,제거하다·없애다,JLPT_1 JLPT,hNl.|rVPKI
取引,とりひき,거래,JLPT_1 JLPT,QK;D?PC(Iv
取り巻く,とりまく,둘러싸다,JLPT_1 JLPT,E%Fl$NJpIJ
取り混ぜる,とりまぜる,뒤섞다,JLPT_1 JLPT,Bo(wYaa}Ah
取り戻す,とりもどす,되찾다,JLPT_1 JLPT,pPlunQ{V=M
取り寄せる,とりよせる,주문하여 가져오다,JLPT_1 JLPT,M^8;v4K?HH
ドリル,ドリル,드릴·훈련,JLPT_1 JLPT,tLuvrWP-bR
副,とりわけ,유독·특히,JLPT_1 JLPT,I|~T6euZ&R
とろける,とろける,녹다·황홀해지다,JLPT_1 JLPT,zCt%1bEngS
鈍感,どんかん,둔감,JLPT_1 JLPT,AGgv#X94Iv
とんだ,とんだ,엉뚱한·지독한,JLPT_1 JLPT,H?67/UOJ%d
度忘れ,どわすれ,깜빡 잊음,JLPT_1 JLPT,O3@@XzGoQO
問屋,とんや,도매점,JLPT_1 JLPT,L]HWWc9|Rk
内閣,ないかく,내각,JLPT_1 JLPT,y)df|:D=Sq
乃至,ないし,내지·또는,JLPT_1 JLPT,iAOF?Qa_8q
内緒,ないしょ,비밀·내밀함,JLPT_1 JLPT,u~2eY8N1H4
内心,ないしん,내심,JLPT_1 JLPT,qVMnXwPQkx
内蔵,ないぞう,내장,JLPT_1 JLPT,L]Dm~E_?j[
ナイター,ナイター,야간 경기·나이터,JLPT_1 JLPT,w71YMp^g^|
内部,ないぶ,내부,JLPT_1 JLPT,Qc_^Hv.8K<
内乱,ないらん,내란,JLPT_1 JLPT,"nyNNE_],O!"
内陸,ない리く,내륙,JLPT_1 JLPT,G}P5V$Jk?4
苗,なえ,모종·벼의 모,JLPT_1 JLPT,D`y6b-_J-}
なおさら,なおさら,더욱더·한층 더,JLPT_1 JLPT,D3]|seyAVE
流し,ながし,싱크대·개수대,JLPT_1 JLPT,sUm$!Jp0[}
長々,ながなが,길게·오랫동안,JLPT_1 JLPT,OTwM?YMLfQ
中程,なかほど,중간쯤,JLPT_1 JLPT,A)F$iP@]z@
渚,なぎさ,바닷가·물가,JLPT_1 JLPT,zd22=yfA9n
嘆く,나げく,한탄하다·슬퍼하다,JLPT_1 JLPT,ilzJ;<!YjV
投げ出す,なげだす,내던지다·포기하다,JLPT_1 JLPT,vl-:<#dR[!
仲人,なこうど,중매인,JLPT_1 JLPT,kknZLw#*&s
和やか,なごやか,온화한·화기애애한,JLPT_1 JLPT,EbN._V9![%
名残,なごり,흔적·자취,JLPT_1 JLPT,oz>_]^qFZM
情け,なさけ,인정·자비,JLPT_1 JLPT,D|r~;|9R]k
情無い,なさけない,한심한·비참한,JLPT_1 JLPT,N<_jdqMHiS
情深い,なさけぶかい,인정 많은,JLPT_1 JLPT,P:u6w48-M4
詰る,なじる,힐책하다·따지다,JLPT_1 JLPT,m2ug%F|{:P
名高い,なだかい,유명한·이름 높은,JLPT_1 JLPT,CAOqe%9eXa
雪崩,なだれ,눈사태,JLPT_1 JLPT,i|el8n-PMm
懐く,なつく,따르다·길들다,JLPT_1 JLPT,g];Z(M#sXQ
名付ける,なづける,이름 짓다,JLPT_1 JLPT,NJQx_8`$@d
何気ない,なにげない,아무렇지도 않은·무심한,JLPT_1 JLPT,GCR5kv%JGq
なにとぞ,나にとぞ,부디·제발,JLPT_1 JLPT,lQ*Q=lmCB7
なにより,なにより,무엇보다도,JLPT_1 JLPT,Ifj=x)`!7.
ナプキン,ナプキン,냅킨,JLPT_1 JLPT,dY;w6ETO=:
名札,なふだ,명찰,JLPT_1 JLPT,"H,LzU#iC|r"
生臭い,なまぐさい,비린내 나는,JLPT_1 JLPT,vDPDWlb?&h
生温い,なまぬるい,미지근한,JLPT_1 JLPT,G~a-u$_3U#
生身,なまみ,살아 있는 몸·생신,JLPT_1 JLPT,mdk5@{-d$q
鉛,なまり,납,JLPT_1 JLPT,clLq6d~d8L
滑らか,なめらか,매끄러움·유창함,JLPT_1 JLPT,F~B/LW)1su
嘗める,なめる,핥다·얕보다·겪다,JLPT_1 JLPT,"h&h,RaX>m("
悩ましい,なやましい,매혹적인·괴로운·고민스러운,JLPT_1 JLPT,vf@^4N2dLC
悩ます,なやます,괴롭히다,JLPT_1 JLPT,jR2E;(CfhM
悩み,なやみ,고민·괴로움,JLPT_1 JLPT Genki_Ln.19 Genki,"rYH,[!J71-"
並びに,ならびに,및·아울러,JLPT_1 JLPT,Ny*4D`O(3Y
成り立つ,なりたつ,이루어지다·성립하다,JLPT_1 JLPT,m1{^Hc5[&f
なるたけ,なるたけ,될 수 있는 대로,JLPT_1 JLPT,y(q.AD0L#F
慣れ,なれ,익숙해짐·습관,JLPT_1 JLPT,j7[97Xg7/>
馴々しい,なれなれしい,서글서글한·너무 친한 척하는,JLPT_1 JLPT,shT?wsHw[_
～なんか,～なんか,~따위·~같은 건,JLPT_1 JLPT,d.Q@D)R`y/
ナンセンス,ナンセンス,넌센스·무의미함,JLPT_1 JLPT,moW2Xjtt^+
何だか,なんだか,왠지·어쩐지,JLPT_1 JLPT Intermediate_Japanese Intermediate_Japanese_Ln.11,hYSEqVkL.V
なんだかんだ,なんだかんだ,이러쿵저러쿵·이것저것,JLPT_1 JLPT,Hjnd-`9LXB
なんなり,なんなり,무엇이든,JLPT_1 JLPT,w_?<3$dc`X
荷,に,짐,JLPT_1 JLPT,yqk%}[]JXT
似通う,にかよう,서로 닮다,JLPT_1 JLPT,Dm9*/_j8S;
にきび,にきび,여드름,JLPT_1 JLPT,e&g:V:ku_]
賑わう,にぎわう,북적이다·활기를 띠다,JLPT_1 JLPT,g#ovh${-3n
憎しみ,にくしみ,증오·미움,JLPT_1 JLPT,QPkVwq]vjj
肉親,にくしん,육친·혈육,JLPT_1 JLPT,uWXLxRMJ+O
肉体,にくたい,육체,JLPT_1 JLPT,gnN00<v<{9
逃げ出す,にげだす,도망치다,JLPT_1 JLPT,fl)eIr9*lI
西日,にしび,석양·서쪽으로 지는 해,JLPT_1 JLPT,K3I7nq2l;L
滲む,にじむ,번지다·스며 나오다,JLPT_1 JLPT,o9up<Sz=ve
にせ物,にせもの,가짜·모조품,JLPT_1 JLPT,A=&EK6O#1I
日夜,にちや,밤낮·언제나,JLPT_1 JLPT,i%dEbeqYtB
荷造り,にづくり,짐 꾸리기·포장,JLPT_1 JLPT,qOwG&WZKL2
担う,になう,짊어지다·떠맡다,JLPT_1 JLPT,F#SgKxy?S*
鈍る,にぶる,둔해지다·무뎌지다,JLPT_1 JLPT,L.(Z=bmrwj
にも関わらず,にもかかわらず,~임에도 불구하고,JLPT_1 JLPT,KlWPE-D`h0
ニュアンス,ニュアンス,뉘앙스,JLPT_1 JLPT,LUTAFMalyV
ニュー,ニュー,뉴·새로운,JLPT_1 JLPT,"Gfvoid,rAZ"
入手,にゅうしゅ,입수,JLPT_1 JLPT,KYs]w;nq{f
入賞,にゅうしょう,입상,JLPT_1 JLPT,"QQ,s.4v3{f"
入浴,にゅうよく,입욕·목욕,JLPT_1 JLPT,K$j=e4Tdlp
尿,にょう,소변·뇨,JLPT_1 JLPT,jT5|c!zG9i
認識,にんしき,인식,JLPT_1 JLPT,"sX|,Qiq}<w"
妊娠,にんしん,임신,JLPT_1 JLPT,j|`SG%:20Y
任務,에んむ,임무,JLPT_1 JLPT,h6lc;]{2nu
任命,にんめい,임명,JLPT_1 JLPT,En]Zo|mh[y
抜かす,ぬかす,빼먹다·생략하다,JLPT_1 JLPT,B_-9.@R#h`
抜け出す,ぬけだす,빠져나가다·살짝 도망치다,JLPT_1 JLPT,pLSh/TV^OR
主,ぬし,주인·임자,JLPT_1 JLPT Intermediate_Japanese_Ln.13 Intermediate_Japanese,f$iPQS#{]6
沼,ぬま,늪,JLPT_1 JLPT,q-TqHFf#eJ
音色,ねいろ,음색,JLPT_1 JLPT,C=~bfd:qmo
値打ち,ねうち,가치·값어치,JLPT_1 JLPT,s_}27&HmzM
ネガ,ネガ,네거티브·네가,JLPT_1 JLPT,tRtoeF@*NA
寝かせる,ねかせる,재우다·눕히다·발효시키다,JLPT_1 JLPT,i8aC;^zTA&
ねじまわし,ねじまわし,나사돌개·드라이버,JLPT_1 JLPT,lC3$+z.Dp9
捩れる,ねじれる,비틀리다·뒤틀리다,JLPT_1 JLPT,Shp4gNU#M
妬む,ねたむ,시기하다·질투하다,JLPT_1 JLPT,LkwOsP2luZ
ねだる,ねだる,조르다,JLPT_1 JLPT,bqJI({hGlV
熱意,ねつい,열의,JLPT_1 JLPT,rd11dz%oP<
熱湯,ねっとう,열탕·끓는 물,JLPT_1 JLPT,yBQ@*k[rMd
熱量,ねつりょう,열량,JLPT_1 JLPT,yVC<gDS.Nb
粘り,ねばり,끈기,JLPT_1 JLPT,BvIS%RjDgh
粘る,ねばる,끈적거리다·버티다,JLPT_1 JLPT,q5idXyJ?~3
値引き,ねびき,할인·가격 인하,JLPT_1 JLPT,ppHz}aRok7
根回し,ねまわし,사전 교섭·밑작업,JLPT_1 JLPT,k|jB&4ScOn
眠たい,ねむたい,졸린,JLPT_1 JLPT,A:U[i:g3Mu
練る,ねる,반죽하다·다듬다·짜다,JLPT_1 JLPT,OcA{._U(He
念,ねん,생각·일념·주의,JLPT_1 JLPT,uVWX2{yDLk
年賀,ねんが,신년 하례·연하장,JLPT_1 JLPT,P$?kkzx-4;
念願,ねんがん,염원,JLPT_1 JLPT,N2]ye^.%%-
年号,ねんごう,연호,JLPT_1 JLPT,bLo0`T)GZr
燃焼,ねんしょう,연소,JLPT_1 JLPT,zKpI9!^gxJ
年長,ねんちょう,연장·고령,JLPT_1 JLPT,L5;%C?!rKM
燃料,ねんりょう,연료,JLPT_1 JLPT,rltcX_fvi[
年輪,ねんりん,나이테,JLPT_1 JLPT,b+fwXle>0o
노이로제,ノイローゼ,노이로제,JLPT_1 JLPT,"J+@dVGG,?/"
農耕,のうこう,농경,JLPT_1 JLPT,s|V;EQ<DFG
農場,のうじょう,농장,JLPT_1 JLPT,f{r<5W&Bpu
農地,のうち,농지,JLPT_1 JLPT,gFlV*(m#WE
納入,のうにゅう,납입,JLPT_1 JLPT,K9YdM1s/F>
逃す,のがす,놓치다,JLPT_1 JLPT,cfjj1lW1R
逃れる,のがれる,벗어나다·면하다,JLPT_1 JLPT,ur0/yS?G.F
軒並,のきなみ,집집마다·일제히,JLPT_1 JLPT,gYh0C^=J<1
望ましい,のぞましい,바람직한,JLPT_1 JLPT,O~bUfdZRZc
乗っ取る,のっとる,빼앗다·가로채다·점거하다,JLPT_1 JLPT,D>275*`Xs9
のどか,のどか,화창한·평온한,JLPT_1 JLPT,IT.<Z@]SZ.
罵る,ののしる,욕설을 퍼붓다·매도하다,JLPT_1 JLPT,o]7]HcCGpH
延べ,のべ,합계·연인원,JLPT_1 JLPT,Eb3R}G~vq&
飲み込む,のみこむ,삼키다·납득하다,JLPT_1 JLPT Intermediate_Japanese_Ln.12 Intermediate_Japanese,fwLCsj3c:^
乗り込む,のりこむ,타다·올라타다·몰려 들어가다,JLPT_1 JLPT,"P^t~AIQ,:b"
刃,は,칼날·날,JLPT_1 JLPT,s8NuMFbIpb
～派,～は,파·정파,JLPT_1 JLPT,qMeKLND8O$
バー,バー,바·술집,JLPT_1 JLPT,xD;./&*C~}
把握,はあく,파악,JLPT_1 JLPT,DFve{Ag1B(
パート,パート,파트타임·아르바이트,JLPT_1 JLPT Intermediate_Japanese_Ln.8 Intermediate_Japanese,OK)Lf1Yk5g
廃棄,はいき,폐기,JLPT_1 JLPT,"t,]x!4!SsB"
配給,はいきゅう,배급,JLPT_1 JLPT,BIJAh&96+q
ばい菌,ばいきん,세균,JLPT_1 JLPT,F@%B4+?fE|
配偶者,はいぐうしゃ,배우자,JLPT_1 JLPT,j5as3|4RM2
拝啓,はいけい,배계 (삼가 아룁니다),Intermediate_Japanese_Ln.4 JLPT_1 JLPT Intermediate_Japanese,+.sAx2wLV
背景,はいけい,배경,JLPT_1 JLPT,B;EWwcKw8a
背後,はいご,배후·뒤편,JLPT_1 JLPT,"l$UvE^.,2i"
廃止,はいし,폐지,JLPT_1 JLPT,"D{,71BeMS8"
拝借,はいしゃく,빌림 (겸양어),JLPT_1 JLPT,"w!,O.|Pr}V"
排除,はいじょ,배제,JLPT_1 JLPT,"e(cIaHsE,F"
賠償,ばいしょう,배상,JLPT_1 JLPT,i0;;9:0(Yb
排水,はいすい,배수,JLPT_1 JLPT,CI{]`I5(&E
敗戦,はいせん,패전,JLPT_1 JLPT,JSMF6y%Lj~
配置,はいち,배치,JLPT_1 JLPT,wZ<r/Id^hw
配布,はいふ,배포,JLPT_1 JLPT,j3UYv2B1e{
配分,はいぶん,배분,JLPT_1 JLPT,sPEejO/d9<
敗北,はいぼく,패배,JLPT_1 JLPT,=90:_^P$k
倍率,바いりつ,배율,JLPT_1 JLPT,h`ahPtUY;b
配慮,はいりょ,배려,JLPT_1 JLPT,poW=.ChJSm
配列,はいれつ,배열,JLPT_1 JLPT,cC<!?;J:<g
破壊,はかい,파괴,JLPT_1 JLPT,v!Zp^6YAqE
いたわる,いたわる,돌보다·위로하다,JLPT_1 JLPT,wcGai|q>xT
一概に,いちがいに,일괄적으로·단정적으로,JLPT_1 JLPT,hLV>poM3Dq
著しい,いちじるしい,현저한·두드러진,JLPT_1 JLPT,"kPPz=m,gRR"
一同,いちどう,일동,JLPT_1 JLPT,O|v*CB_J$V
一部分,いちぶぶん,일부분,JLPT_1 JLPT,kC:AyoQ(VZ
一別,いちべつ,작별·일별,JLPT_1 JLPT,P}9Ns5lV8E
一面,いちめん,일면·한쪽 면,JLPT_1 JLPT,Nx0OsZUH*E
一目,いちもく,일목·한눈,JLPT_1 JLPT,saAg*cc00y
一様,いちよう,일양·한결같음,JLPT_1 JLPT,4Npj$}s^v
一律,いちりつ,일률·일제히,JLPT_1 JLPT,s7Bp#3`c^s
一連,いちれん,일련,JLPT_1 JLPT,"K`?fU[;],#"
一括,いっかつ,일괄,JLPT_1 JLPT,hhovzuJKNB
一気,いっき,단숨에·한꺼번에,JLPT_1 JLPT,CgBD$%2<51
一挙に,いっきょに,일거에·단번에,JLPT_1 JLPT,F:IKX%#S}~
一見,いっけん,한번 봄·첫 대면,JLPT_1 JLPT,NZ6>sHobC*
一切,いっさい,일체·전부,JLPT_1 JLPT,v}WLTgJ@1I
一心,いっしん,일심·전심전력,JLPT_1 JLPT,cClq^_-/LZ
いっそ,いっそ,차라리·도리어,JLPT_1 JLPT,Ii]&B%6J^H
一変,いっぺん,일변·돌변,JLPT_1 JLPT,ek#.`h}8]>
意図,いと,의도,JLPT_1 JLPT,"Nv%*-6B!(,"
営む,いとなむ,(사업을) 영위하다·경영하다,JLPT_1 JLPT,DwKEu03*|H
挑む,いどむ,도전하다,JLPT_1 JLPT,c_-t#iEGZZ
稲光,いなびかり,번개·번갯불,JLPT_1 JLPT,c#^JVd1}UB
祈り,いのり,기도,JLPT_1 JLPT,Ma]tANx6d6
いびき,いびき,코골이,JLPT_1 JLPT,C/{&bugX+}
今更,いまさら,이제 와서·새삼스럽게,JLPT_1 JLPT,hj*29Ug#1R
未だ,いまだ,아직,JLPT_1 JLPT,p:dli@Jl!z
移民,いみん,이민,JLPT_1 JLPT,CLJ[Ns`Z6Z
嫌々,いやいや,마지못해·싫어싫어,JLPT_1 JLPT,QjHKtey?XJ
卑しい,いやしい,천한·야비한,JLPT_1 JLPT,vBh9gD/$!+
いやに,いやに,묘하게·지독하게,JLPT_1 JLPT,qpdLL_V*P#
いやらしい,いやらしい,불쾌한·추잡한,JLPT_1 JLPT,D<T6@Y-YD4
意欲,いよく,의욕,JLPT_1 JLPT,Fq(`u%{Obm
威力,い리ょく,위력,JLPT_1 JLPT,r5er8dT<)9
衣類,いるい,의류,JLPT_1 JLPT,QbNSCWqQ4!
異論,いろん,이론·이견,JLPT_1 JLPT,A?E^7mu[K@
印鑑,いんかん,인감·도장,JLPT_1 JLPT,cTR~#z|<0M
陰気,いんき,음침함·우울함,JLPT_1 JLPT,A-+&-Fy%1r
隠居,いんきょ,은거,JLPT_1 JLPT,b^vje[Ox#X
인터체인지,インターチェンジ,인터체인지·나들목,JLPT_1 JLPT,"rBKXdv$/G,"
인터내셔널,インターナショナル,인터내셔널·국제적인,JLPT_1 JLPT,JmV&U~p0X$
인터폰,インターフォン,인터폰,JLPT_1 JLPT,AO3rDw-;8U
인텔리,インテリ,인텔리·지식인,JLPT_1 JLPT,piGc%@]7]l
인포메이션,インフォメーション,인포메이션·정보,JLPT_1 JLPT,KO4Fli5w!*
인플레,インフレ,인플레·인플레이션,JLPT_1 JLPT,QC}1+m@@J*
受かる,うかる,합격하다·붙다,JLPT_1 JLPT,gIq*pkmfp{
受け入れ,うけいれ,수용·받아들임,JLPT_1 JLPT,j&5piEC:H:
受け入れる,うけいれる,받아들이다,JLPT_1 JLPT,i_JCrJB_9E
受け継ぐ,うけつぐ,계승하다·이어받다,JLPT_1 JLPT,x6H#Y*OpNS
受け付ける,うけつける,접수하다·받아들이다,JLPT_1 JLPT,wJiQ/5Nn/x
受け止める,うけとめる,받아내다·받아들이다,JLPT_1 JLPT,kQB/rB@6#x
受身,うけみ,수동·피동,JLPT_1 JLPT,AB05ev+c>K
受持ち,うけもち,담당·맡은 바,JLPT_1 JLPT,"DiB3?u$z,A"
動き,うごき,움직임·동향,JLPT_1 JLPT,u]mcX[(LyK
埋める,うずめる,메우다·묻다,JLPT_1 JLPT,s1}PR|XGjV
嘘つき,うそつき,거짓말쟁이,JLPT_1 JLPT,huy&f$4B!!
うたた寝,うたたね,꾸벅꾸벅 졸음,JLPT_1 JLPT,g>}T9.Ly4K
打ち明ける,うちあける,털어놓다·고백하다,JLPT_1 JLPT,m>OKlxKk@!
打ち切る,うちきる,중단하다·끝내다,JLPT_1 JLPT,NY3MFaZc*o
打ち消し,うちけし,부정,JLPT_1 JLPT,FFlOc.L!8+
打ち込む,うちこむ,몰두하다·박다,JLPT_1 JLPT,"iV,JA!*tZ)"
団扇,うちわ,부채,JLPT_1 JLPT,AXix@CPuvn
内訳,うちわけ,내역,JLPT_1 JLPT,"kc.tS5mj},"
写し,うつし,사본·복사본,JLPT_1 JLPT,o]mr>S?=4H
訴え,うったえ,호소·소송,JLPT_1 JLPT,L0%2@MBXxQ
うっとうしい,うっとうしい,음울한·지루한,JLPT_1 JLPT,D_nkEIxjCi
うつむく,うつむく,고개를 숙이다,JLPT_1 JLPT,vZ9f:pDf9{
空ろ,うつろ,공허한·텅 빈,JLPT_1 JLPT,gT)UMo=-nJ
器,うつわ,그릇·기구,JLPT_1 JLPT,wCFSLHrDCy
腕前,うでまえ,솜씨·기량,JLPT_1 JLPT,M#fh/cwlNl
雨天,うてん,우천·비 오는 날씨,JLPT_1 JLPT,w*!:re!1<+
促す,うながす,재촉하다·촉구하다,JLPT_1 JLPT,wV^GWyWg_j
うぬぼれ,うぬぼれ,자만심,JLPT_1 JLPT,m]YR4b{=@z
生まれつき,うまれつき,타고난·태어날 때부터의,JLPT_1 JLPT,vf1rqkwzEV
埋め込む,うめこむ,박아 넣다·매몰하다,JLPT_1 JLPT,xua#+HlIBN
梅干し,うめぼし,우메보시·매실장아찌,JLPT_1 JLPT,y[D$6jL9AV
裏返し,うらがえし,뒤집힘·거꾸로 됨,JLPT_1 JLPT,x!`i3g6fj/
売り出し,う리だし,발매·특가 판매,JLPT_1 JLPT,e#9|l1/ymz
売り出す,う리だす,발매하다·시판하다,JLPT_1 JLPT,gIddcx*`Ct
潤う,うるおう,습해지다·혜택을 입다,JLPT_1 JLPT,iEM[52wf::
浮気,うわき,바람기,JLPT_1 JLPT,niMRrvhuXD
上回る,うわまわる,웃돌다·상회하다,JLPT_1 JLPT,xvIWa_An&S
植わる,うわる,심어지다,JLPT_1 JLPT,q/mwW_I)&k
運営,うんえい,운영,JLPT_1 JLPT,m*%9#Uxp/F
うんざり,うんざり,지긋지긋함·신물 남,JLPT_1 JLPT,G<U}3bYTX=
運送,うんそう,운송,JLPT_1 JLPT,DH/^v}5V5H
運賃,うんちん,운임,JLPT_1 Intermediate_Japanese_Ln.10 Intermediate_Japanese,"OS<,k|.D(5"
云々,うんぬん,운운·이러쿵저러쿵,JLPT_1 JLPT,LiOOViPg]s
運搬,うんぱん,운반,JLPT_1 JLPT,KHqZvxZ@6.
運命,うんめい,운명,JLPT_1 JLPT,l3_#00|#9V
運輸,うんゆ,운수,JLPT_1 JLPT,"M~H0atu}?,"
運用,うんよう,운용,JLPT_1 JLPT,P{!{:>o!_q
エアメール,エアメール,항공 우편,JLPT_1 JLPT,q`%AC;;9Ta
～営,～えい,~영 (경영),JLPT_1 JLPT,dP^UCy0C~l
英字,えいじ,영자,JLPT_1 JLPT,"J1lN,M8$1h"
映写,えいしゃ,영사,JLPT_1 JLPT,x`Mnz)m&qb
映像,えいぞう,영상,JLPT_1 JLPT,m?:Se-SQN4
英雄,えいゆう,영웅,JLPT_1 JLPT,lpc:禮iI>>Z
液,えき,액체·액,JLPT_1 JLPT,r(jP%;ZEI5
閲覧,えつらん,열람,JLPT_1 JLPT,hDsmHpZ7Os
獲物,えもの,사냥감·획득물,JLPT_1 JLPT,5*sGNpi>A
襟,えり,깃·칼라,JLPT_1 JLPT,tRB]@ee=lY
엘레강트,エレガント,우아한·엘레강트,JLPT_1 JLPT,efgo>`$5}C
円滑,えんかつ,원활,JLPT_1 JLPT,Kb_Dvgh:lA
縁側,えんがわ,퇏마루,JLPT_1 JLPT,wyHg^[mZl2
沿岸,えんがん,연안,JLPT_1 JLPT,AovU9kG]Un
婉曲,えんきょく,완곡한,JLPT_1 JLPT,G;:<3(vTfF
演出,えんしゅつ,연출,JLPT_1 JLPT,"wf^,)@RdCb"
엔지니어,エンジニア,엔지니어·기사,JLPT_1 JLPT,B{mLrpXMY9
演じる,えんじる,연기하다,JLPT_1 JLPT,"w/:3TeD,r|"
演ずる,えんずる,연기하다,JLPT_1 JLPT,D7;+x/XKhh
沿線,えんせん,철도 노선 주변,JLPT_1 JLPT,ALo8teWhD7
縁談,えんだん,혼담,JLPT_1 JLPT,noJgGKIj8x
遠方,えんぽう,먼 곳·원방,JLPT_1 JLPT,OzC<9.M=Ar
円満,えんまん,원만,JLPT_1 JLPT,Ct:pLi;{3A
追い込む,おいこむ,몰아넣다,JLPT_1 JLPT,AR1qUDM@P)
追い出す,おいだす,쫓아내다,JLPT_1 JLPT,"riRN3`p,`k"
於いて,おいて,~에서·~에 있어서,JLPT_1 JLPT,ijyE>WQ}KT
老いる,おいる,늙다,JLPT_1 JLPT,Fq*tJ8V7V$
応急,おうきゅう,응급,JLPT_1 JLPT,P7w*v4FZJr
黄金,おうごん,황금,JLPT_1 JLPT,mYt_k*xkZ.
往診,おうしん,왕진,JLPT_1 JLPT,KYeqnnZ=-9
応募,おうぼ,응모,JLPT_1 JLPT,b[VDDlfAs0
おおい,おおい,어이·야,JLPT_1 JLPT,"oI,HaDOI/S"
大方,おおかた,대개·대부분,JLPT_1 JLPT,xJaUka+CN:
大柄,おおがら,큰 체구·큰 무늬,JLPT_1 JLPT,"GWS,d=cM(:"
おおげさ,おおげさ,과장된·허풍 떠는,JLPT_1 JLPT,oddUsiCw^V
大筋,おおすじ,대강·요지,JLPT_1 JLPT,Hs`P|H+T!]
大空,おおぞら,대공·넓은 하늘,JLPT_1 JLPT,x&4e(F[|Hd
오토매틱,オートマチック,오토매틱·자동의,JLPT_1 JLPT,Ma<]_+LJWL
大幅,おおはば,대폭·큰 폭,JLPT JLPT_1 MediaMissing,c`*FbFL7!*
おおまかな,おおまかな,대략적인,JLPT_1 JLPT,h|xK)[LK#`
大水,おおみず,홍수·큰물,JLPT_1 JLPT,lHnH3YrPE%
公,おおやけ,공적인·공식적인,JLPT_1 JLPT,oI.<`;>b`b
犯す,おかす,범하다·어기다,JLPT_1 JLPT,r}qWP|]B{j
侵す,おかす,침범하다·침해하다,JLPT_1 JLPT,JP!&.Z9_)1
臆病,おくびょう,겁·소심함,JLPT_1 JLPT,DR9F4{>w8i
遅らす,おくらす,늦추다,JLPT_1 JLPT,BxX=0Td:Ra
厳か,おごそか,엄숙한,JLPT_1 JLPT,k^}q{Z*:ZU
行い,おこない,행실·행동,JLPT_1 JLPT,EPt}Y|moZw
おごる,おごる,한턱내다,JLPT_1 JLPT,nplO^(LG?d
収まる,おさまる,수습되다·거두어지다,JLPT_1 JLPT,blHU8/+m@I
納まる,おさまる,수납되다·납입되다,JLPT_1 JLPT,cv8FX+R{$0
治まる,おさまる,가라앉다·다스려지다,JLPT_1 JLPT,vn/~]L;$eG
お産,おさん,해산·출산,JLPT_1 JLPT,euz]Ka!XAe
押し切る,おしきる,끝까지 밀어붙이다,JLPT_1 JLPT,djU<$hJj6~
押し込む,おしこむ,밀어넣다·침입하다,JLPT_1 JLPT,xrb|Hb|isj
惜しむ,おしむ,아끼다·아쉬워하다,JLPT_1 JLPT,eSj?}z3f2/
押し寄せる,おしよせる,몰려들다·밀어닥치다,JLPT_1 JLPT,G6S^.J|&^/
雄,おす,수컷,JLPT_1 JLPT,gZ*7YqB0w(
御世辞,おせじ,빈말·아첨,JLPT_1 JLPT,d$tF`<~=wO
襲う,おそう,습격하다·덮치다,JLPT_1 JLPT,d*HJIF;zrC
遅くとも,おそくとも,늦어도,JLPT_1 JLPT,"p,08OPe)d%"
恐れ,おそれ,두려움·우려,JLPT_1 JLPT,mG1{:BxE;
恐れ入る,おそれいる,송구스러워하다·황송해하다,JLPT_1 JLPT,o7$@i&/e=j
おだてる,おだてる,치켜세우다·비행기 태우다,JLPT_1 JLPT,"c}qANB`J7,"
落ち込む,おちこむ,우울해지다·침체되다,JLPT_1 Genki_Ln.16 JLPT Genki,B0Aq~FM[^o
落ち着き,おちつき,침착함·차분함,JLPT_1 JLPT,"k)L1,/cgqd"
落葉,おちば,낙엽,JLPT_1 JLPT,qPS6$v<zNn
乙,おつ,을(두 번째)·세련된,JLPT_1 JLPT,"CTIZFIH,kM"
お使い,おつかい,심부름,JLPT_1 JLPT,"Q3Uu~eV;,,"
おっかない,おっかない,무서운,JLPT_1 JLPT,r<$W[mdg(3
お手上げ,おてあげ,손들다·포기하다,JLPT_1 JLPT,J({SY<_/!4
おどおど,おどおど,쭈뼛쭈뼛·벌벌,JLPT_1 JLPT,hFdj&!1iUO
脅す,おどす,위협하다·협박하다,JLPT_1 JLPT,l9J?^6gNw8
訪れる,おとずれる,방문하다·찾아오다,JLPT_1 JLPT,M;`!*}::|V
お供,おとも,수행·동행,JLPT_1 JLPT,x[kh8D~cRx
衰える,おとろえる,쇠퇴하다·약해지다,JLPT_1 JLPT,pxXWt`7[Xh
同い年,おないどし,동갑,JLPT_1 JLPT,uOL4]ka~4C
自ずから,おのずから,저절로·자연히,JLPT_1 JLPT,CsPmT^E4si
怯える,おびえる,겁내다·주눅 들다,JLPT_1 JLPT,Bil>aIK.P>
おびただしい,おびただしい,엄청난·허다한,JLPT_1 JLPT,F0E@v8v<tK
脅かす,おびやかす,위협하다·위태롭게 하다,JLPT_1 JLPT,y}AqB/U_jH
帯びる,おびる,띠다·머금다,JLPT_1 JLPT,zXZ(?*QD)1
お袋,おふくろ,어머니 (정겨운 표현),JLPT_1 JLPT,Iky=(#jNrr
覚え,おぼえ,기억·평판·경험,JLPT_1 JLPT,z/W-oJ8vaW
おまけ,おまけ,덤·부록,JLPT_1 JLPT,rsBcP;b`Jp
お宮,おみや,신사,JLPT_1 JLPT,COvUCQv?BW
おむつ,おむつ,기저귀,JLPT_1 JLPT,FRkuxmL~/i
思い付き,おもいつき,생각·착상,JLPT_1 JLPT,gk=p@=>B|;
趣,おもむき,정취·풍취,JLPT_1 JLPT,o+otz^p(oN
赴く,おもむく,향하다·가다,JLPT_1 JLPT,E5WffQ+ViL
重んじる,おもんじる,중요시하다·존중하다,JLPT_1 JLPT,"gj_$ok,;mR"
重んずる,おもんずる,중요시하다·존중하다,JLPT_1 JLPT,c;eXv;e7cc
親父,おやじ,아버지·영감님,JLPT_1 JLPT,g;f)J>kju#
及び,および,및·및 그 밖에,JLPT_1 JLPT,"F5z-<*3Tg,"
及ぶ,およぶ,미치다·달하다,JLPT_1 JLPT,Lj7$<D<:Dd
折,おり,기회·때,JLPT_1 JLPT,y[AaTw+T{(
檻,おり,우리·감옥,JLPT_1 JLPT,Lj@q6`R`I<
오리엔테이션,オリエンテーション,오리엔테이션,JLPT_1 JLPT,i;fk@T:&ys
折り返す,おりかえす,되풀이하다·반전시키다,JLPT_1 JLPT,x-(77`TIyH
織物,おりもの,직물,JLPT_1 JLPT,@6F9JKGsN
俺,おれ,나 (남성 일인칭),JLPT_1 JLPT,M3v%b}<>}t
愚か,おろか,어리석은,JLPT_1 JLPT,Ch>U~}L@[9
おろそか,おろそか,소홀히 함,JLPT_1 JLPT,H$%#VMqb~n
おんぶ,おんぶ,어부바·업기,JLPT_1 JLPT,w[CU60-p%`
온라인,オンライン,온라인,JLPT_1 JLPT,i=qSrR2s#(
温和,おんわ,온화함,JLPT_1 JLPT,II+hgA8I:B
我,が,자아·나,JLPT_1 JLPT,KEYq:ht}?d
카펫,カーペット,카펫,JLPT_1 JLPT,fn]9l!yDf>
～界,～かい,~계 (세계),JLPT_1 JLPT,d]il$5=Qs$
～街,～がい,~가 (거리),JLPT_1 JLPT,PH:pbBSE|j
改悪,かいあく,개악·나쁘게 고침,JLPT_1 JLPT,/C5*Xn=Cv
海運,かいうん,해운,JLPT_1 JLPT,"CDcOa:,]6U"
外貨,がいか,외화,JLPT_1 JLPT,P{MzU_0f=F
改革,かいかく,개혁,JLPT_1 JLPT,"nxg,|fRPK9"
貝殻,かいがら,조개껍데기,JLPT_1 JLPT,rr4Z^$`(_`
外観,がいかん,외관,JLPT_1 JLPT,JF[`}jk]g#
階級,かいきゅう,계급,JLPT_1 JLPT,G#*h9O@`+|
海峡,かいきょう,해협,JLPT_1 JLPT,jy18h1NAzv
会見,かいけん,회견,JLPT_1 JLPT,umW!}@pgti
介護,かいご,간호·수발,JLPT_1 JLPT,kEe>~$Z:bi
開催,かいさい,개최,JLPT_1 JLPT,%(;Yq~m~L
回収,かいしゅう,회수,JLPT_1 JLPT,j[pPaa[c]=
改修,かいしゅう,개수·수리,JLPT_1 JLPT,QiUw+PPipY
怪獣,かいじゅう,괴수,JLPT_1 JLPT,r8Gl`sM7J8
解除,かいじょ,해제,JLPT_1 JLPT,Mgd/-R9vWQ
外相,がいしょう,외무장관 (외상),JLPT_1 JLPT,yrLi>.nXho
害する,がいする,해치다·상하게 하다,JLPT_1 JLPT,Hi`w1ksG:H
概説,がいせつ,개설,JLPT_1 JLPT,nT]AQT3`Q*
回送,かいそう,회송,JLPT_1 JLPT,L?pD4!Fpg8
階層,かいそう,계층,JLPT_1 JLPT,H^MD?o[__x
開拓,かいたく,개척,JLPT_1 JLPT,FypVZrRtNH
会談,かいだん,회담,JLPT_1 JLPT,uN=.m/8Z~3
改定,かいてい,개정,JLPT_1 JLPT,g6THSZ_v^<
改訂,かいてい,개정 (수정),JLPT_1 JLPT,v0XHWw$0B0
가이드,ガイド,가이드·안내,JLPT_1 JLPT,CvJbP*(I@%
街道,かいどう,가도·큰길,JLPT_1 JLPT,N$n&)AJVWA
該当,がいとう,해당,JLPT_1 JLPT,nkZ}`ld7f?
街頭,がいとう,가두·거리,JLPT_1 JLPT,tQu}Nu#P].
가이드북,ガイドブック,가이드북,JLPT_1 JLPT,Eo9u]7eh((
介入,かいにゅう,개입,JLPT_1 JLPT,pZJnTW/Kh#
概念,がいねん,개념,JLPT_1 JLPT,E|SNJ<R/iJ
開発,かいはつ,개발,JLPT_1 JLPT,Kw[.UTN4^R
海抜,かいばつ,해발,JLPT_1 JLPT,jLVxr@vo2y
介抱,かいほう,간호·개포,JLPT_1 JLPT,j$OYFEbGs|
解剖,かいぼう,해부,JLPT_1 JLPT,iL)PO8n0NO
外来,がいらい,외래,JLPT_1 JLPT,~V$m/9|o}
回覧,かいらん,회람,JLPT_1 JLPT,E}}4:_!82P
概略,がい리ゃく,개략,JLPT_1 JLPT,N)qY<nUP|*
海流,かいりゅう,해류,JLPT_1 JLPT,xa/eyqaPDe
改良,かいりょう,개량,JLPT_1 JLPT,"v?jE,5xyr`"
回路,かいろ,회로,JLPT_1 JLPT,fdIy<8[a*F
海路,かいろ,해로,JLPT_1 JLPT,t536M9u42&
省みる,かえりみる,반성하다·되돌아보다,JLPT_1 JLPT,taa>Gm>Nxx
顧みる,かえりみる,회상하다·돌이켜보다,JLPT_1 JLPT,ho_c78W;*R
顔付き,かおつき,안색·용모,JLPT_1 JLPT,k<|EsPF(U~
課外,かがい,과외,JLPT_1 JLPT,ImdEjfLr)>
掲げる,かかげる,게양하다·내걸다,JLPT_1 JLPT,Q[6r`gY-ir
かかと,かかと,발뒤꿈치,JLPT_1 JLPT,F`djJ$owDP
書き取る,かきとる,받아쓰다,JLPT_1 JLPT,OeW)s:B>?h
掻き回す,かきまわす,휘젓다·혼란시키다,JLPT_1 JLPT,"wp9#,9/+Z4"
恥をかく,はじをかく,창피를 당하다,JLPT_1 JLPT,h*j3Yxxcj{
～画,～かく,~획,JLPT_1 JLPT,G#l-jHUMTG
学芸,がくげい,학예,JLPT_1 JLPT,xM-CyLgdV}
格差,かくさ,격차,JLPT_1 JLPT,zvfu/3%U&J
拡散,かくさん,확산,JLPT_1 JLPT,y__Cg;3rb:
학사,がくし,학사,JLPT_1 JLPT,Pq<3#+rCX)
各種,かくしゅ,각종,JLPT_1 JLPT,Jb^Vb%.N$q
隔週,かくしゅう,격주,JLPT_1 JLPT,QbwTj%&$c)
確信,かくしん,확신,JLPT_1 JLPT,zEL{[Q8QNW
革新,かくしん,혁신,JLPT_1 JLPT,ti4?AE7Yh@
学説,がくせつ,학설,JLPT_1 JLPT,GlxSp@=1Ze
確定,かくてい,확정,JLPT_1 JLPT,"e18p,U0K#7"
칵테일,カクテル,칵테일,JLPT_1 JLPT,"E($,YP#I6d"
獲得,かくとく,획득,JLPT_1 JLPT,"B^,*K>>n_|"
楽譜,がくふ,악보,JLPT_1 JLPT,qMA}9*EjCn
確保,かくほ,확보,JLPT_1 JLPT,uY<*K%.TG@
革命,かくめい,혁명,JLPT_1 JLPT,O;mF68dq6Q
確立,かくりつ,확립,JLPT_1 JLPT,m(/`$&[BF3
賭,かけ,내기·도박,JLPT_1 JLPT,s:YO~5k/sp
掛,かけ,외상,JLPT_1 JLPT,c#>^nQjhVy
～掛け,～かけ,~걸이,JLPT_1 JLPT,"Lr[e?zZ5,<"
崖,がけ,벼랑·절벽,JLPT_1 JLPT,lH2H25www/
駆け足,かけあし,구보,JLPT_1 JLPT,Nd5EP#88A|
家計,かけい,가계,JLPT_1 JLPT,vh}KbR&s=#
駆けっこ,かけっこ,달리기 시합,JLPT_1 JLPT,"A8,h2([S[A"
加工,かこう,가공,JLPT_1 JLPT,E^@%K2YN]n
化合,かごう,화합,JLPT_1 JLPT,my>j<9l(Hz
かさばる,かさばる,부피가 커지다,JLPT_1 JLPT,"nuG,E:/*HK"
かさむ,かさむ,늘어나다·쌓이다,JLPT_1 JLPT,D*tj!&=/|(
箇条書,かじょうがき,조목조목 씀·나열,JLPT_1 JLPT,uU[=f*p0xK
頭,かしら,우두머리·머리,JLPT_1 JLPT,qKQ^U]P!d/
微か,かすか,희미한,JLPT_1 JLPT,"iuQ;E47,]H"
霞む,かすむ,안개 끼다·희미해지다,JLPT_1 JLPT,Muk^XW#N{G
擦る,かする,스치다·비비다,JLPT_1 JLPT,b*c:1ipqfg
火星,かせい,화성,JLPT_1 JLPT,hK6{i6DNme
化石,かせき,화석,JLPT_1 JLPT,i)2P[%uf@w
河川,かせん,하천,JLPT_1 JLPT,j9XYM<zDW5
化繊,かせん,화선·합성 섬유,JLPT_1 JLPT,A<4D0W-y5X
過疎,かそ,과소·인구 희박,JLPT_1 JLPT,C6FP<#I<*d
片～,かた～,외~·한쪽~,JLPT_1 JLPT,p/$/VrksK}
片言,かたこと,서툰 말씨,JLPT_1 JLPT Intermediate_Japanese_Ln.13 Intermediate_Japanese,nEkc_9&ki`
傾ける,かたむける,기울이다,JLPT_1 JLPT,g+aTq;z^TG
固める,かためる,굳히다·단단히 하다,JLPT_1 JLPT,M}jO{cRWN^
傍ら,かたわら,곁·옆·~하는 한편,JLPT_1 JLPT,H(u3_23(VR
花壇,かだん,화단,JLPT_1 JLPT,vyDiG-w#Vb
家畜,かちく,가축,JLPT_1 JLPT,sf(M2A{2zC
且つ,かつ,게다가·또한,JLPT_1 JLPT,"bxhWiXnmE,"
がっくり,がっくり,털썩·맥이 풀리는 모양,JLPT_1 JLPT,n#j+;o[:]<
合唱,がっしょう,합창,JLPT_1 JLPT,"ck-jle>!,g"
がっしり,가っしり,다부지게·탄탄하게,JLPT_1 JLPT,Kl0>:WZG~Z
合致,がっち,일치·합치,JLPT_1 JLPT,Af^(s-@)C7
がっちり,がっちり,빈틈없이·단단히,JLPT_1 JLPT,dl.]7IVV60
かつて,かつて,일찍이·예전에,JLPT_1 JLPT,fI;@sLyG_Q
勝手,かって,제멋대로·부엌·형편,JLPT_1 JLPT,r+VI)d1wQ0
컷,カット,컷·절단·삭제,JLPT_1 JLPT,Q+NVsyIn!c
活発,かっぱつ,활발,JLPT_1 JLPT,M`7Eo@!%5A
合併,がっぺい,합병,JLPT_1 JLPT,h>=`Vc9TZZ
카테고리,カテゴリー,카테고리·범주,JLPT_1 JLPT,JAwB1=<{pF
叶う,かなう,이루어지다,JLPT_1 JLPT,E5LD5p#as=
叶える,かなえる,이루어 주다·들어주다,JLPT_1 JLPT,x!3$MxvZF0
金槌,かなづち,쇠망치·맥주병(수영 못하는 사람),JLPT_1 JLPT,C7&9nlfhkO
かなわない,かなわない,당해낼 수 없다·견딜 수 없다,JLPT_1 JLPT,i9$e:WA[rV
加入,かにゅう,가입,JLPT_1 JLPT,"w%]Rn6,Z,X"
予て,かねて,전부터·이미,JLPT_1 JLPT,i+&=;*57v}
庇う,かばう,감싸다·보호하다,JLPT_1 JLPT,e-}GY5UR@1
株式,かぶしき,주식,JLPT_1 JLPT,nMsDO&gGxt
かぶれる,かぶれる,옻이 오르다·(나쁜 영향을) 받다,JLPT_1 JLPT,C5U+~~@Gnd
花粉,かふん,꽃가루,JLPT_1 JLPT,Gm8]&VGB-;
貨幣,かへい,화폐·화폐 제도,JLPT_1 JLPT,F<$WXw={D<
構える,かまえる,자세를 잡다·준비하다·설립하다,JLPT_1 JLPT,jB<-nj(U&|
過密,かみつ,과밀,JLPT_1 JLPT,AOD1mkToDl
噛み切る,かみきる,물어 끊다,JLPT_1 JLPT,"hh,VOk`A<;"
컴백,カムバック,컴백·복귀,JLPT_1 JLPT,HjHeH1>k=t
카메라맨,カメラマン,카메라맨·사진사,JLPT_1 JLPT,:MlB;<{_:
粥,かゆ,죽,JLPT_1 JLPT,fFz9w`]5pq
体付き,からだつき,체격·몸집,JLPT_1 JLPT,D?fkTo{@|E
絡む,からむ,얽히다·트집을 잡다,JLPT_1 JLPT,O17r;^Y(oJ
かりに,かりに,만약·임시로,JLPT_1 JLPT,c$0g$/@+f7
차트,カルテ,진료기록부 (차트),JLPT_1 JLPT,GwQApsAV[E
차고,ガレージ,차고,JLPT_1 JLPT,LKr$xf+m)f
過労,かろう,과로,JLPT_1 JLPT,Dx#E|nd<`@
かろうじて,かろうじて,겨우·간신히,JLPT_1 JLPT,wzpJb%R2eZ
交す,かわす,주고받다·교환하다,JLPT_1 JLPT,ytWMD-K7Sv
代る代る,かわるがわる,교대로·번갈아,JLPT_1 JLPT,Q<D|kTCMFu
簡易,かんい,간이·간편함,JLPT_1 JLPT,Qdl&|7}97?
灌漑,かんがい,관개,JLPT_1 JLPT,x3v&{30@Ie
眼科,がんか,안과,JLPT_1 JLPT,y$)@b7Z=25
眼球,がんきゅう,안구·눈알,JLPT_1 JLPT,ppa9QzmFoc
玩具,がんぐ,완구·장난감,JLPT_1 JLPT,Fu?U%1UjU`
簡潔,かんけつ,간결,JLPT_1 JLPT,Ch64u(7Zi6
還元,かんげん,환원,JLPT_1 JLPT,b1~cd_rb8g
看護,かんご,간호,JLPT_1 JLPT,v]`cby4zI~
漢語,かんご,한자어,JLPT_1 JLPT,BzS`z3a0wD
頑固,がんこ,완고·고집불통,JLPT_1 JLPT,iS7AjV-r.~
勧告,かんこく,권고,JLPT_1 JLPT,ReTMd+-Cqd
換算,かんさん,환산,JLPT_1 JLPT,V_iERi63U
監視,かんし,감시,JLPT_1 JLPT,xYmgA~gB7D
慣習,かんしゅう,관습,JLPT_1 JLPT,xb4/I5BD9M
観衆,かんしゅう,관중,JLPT_1 JLPT,suIg*_}y!}
願書,がんしょ,원서,JLPT_1 JLPT,PJ0db[)2y/
干渉,かんしょう,간섭,JLPT_1 JLPT,FlV}wK<+oD
頑丈,がんじょう,튼튼함·견고함,JLPT_1 JLPT,o)b^-Y;KL)
感触,かんしょく,감촉,JLPT_1 JLPT,Ll+!^%W~Bg
肝心,かんじん,중요함·핵심적임,JLPT_1 JLPT,cGezcCU7jN
肝腎,かんじん,중요함·핵심적임,JLPT_1 JLPT,qQm@vZEhuX
関税,かんぜい,관세,JLPT_1 JLPT,J<YhnUzDH9
岩石,がんせき,암석,JLPT_1 JLPT,Fvc~*$ysUp
感染,かんせん,감염,JLPT_1 JLPT,yaKv$j-u9~
幹線,かんせん,간선,JLPT_1 JLPT,qnR@^N<xB(
簡素,かんそ,간소,JLPT_1 JLPT,jcV8%N9G]T
観点,かんてん,관점,JLPT_1 JLPT,sRkkbw!PVn
感度,かんど,감도,JLPT_1 JLPT,c!Eb1-<+V1
컨닝,カンニング,컨닝·부정행위,JLPT_1 JLPT,f{(PYG4OSM
元年,がんねん,원년 (첫해),JLPT_1 JLPT,hmCuQzSd35
幹部,かんぶ,간부,JLPT_1 JLPT,L1KYyf^E^2
完ぺき,かんぺき,완벽,JLPT_1 JLPT,z+SJefr{>B
勘弁,かんべん,용서·변제,JLPT_1 JLPT,"l*Q,*Lu2Mg"
感無量,かんむりょう,감개무량,JLPT_1 JLPT,h`NZ!a[CSf
勧誘,かんゆう,권유,JLPT_1 Intermediate_Japanese_Ln.5 JLPT Intermediate_Japanese,fyr>KNdC{T
関与,かんよ,관여,JLPT_1 JLPT,d<Jle/NX</
寛容,かんよう,관용·너그러움,JLPT_1 JLPT,f|A2.V0M-n
元来,がんらい,원래·본래,JLPT_1 JLPT,Cno5E):pRp
観覧,かんらん,관람,JLPT_1 JLPT,"A$Cx0<I,I0"
慣例,かんれい,관례,JLPT_1 JLPT,t0a}a`u9:H
還暦,かんれき,환갑,JLPT_1 JLPT,4cAN40ulx
貫禄,かんろく,관록·위엄,JLPT_1 JLPT,I1]lC*Xh&L
緩和,かんわ,완화,JLPT_1 JLPT,"k^:RZ|u,e@"
의안,ぎあん,의안,JLPT_1 JLPT,"I,VMbY@&-V"
危害,きがい,위해·위험,JLPT_1 JLPT,F>Z;`xG3Np
企画,きかく,기획,JLPT_1 Intermediate_Japanese_Ln.14 JLPT Intermediate_Japanese,w*I2LS4{H:
規格,きかく,규격,JLPT_1 JLPT,"xzs,)in_UO"
着飾る,きかざる,성장하다·꾸미다,JLPT_1 JLPT,HoI9}BI#^/
気兼ね,きがね,어려워함·거북함,JLPT_1 JLPT,GRlL|p}26%
気軽,きがる,홀가분함·부담 없음,JLPT_1 JLPT,s;sgdqP}O.
危機,きき,위기,JLPT_1 JLPT,C.^&25N@a~
聞き取り,ききとり,듣기·청해,JLPT_1 JLPT,soL?dWfD3o
効き目,ききめ,효과·효능,JLPT_1 JLPT,"i,@$ZV_BJi"
帰京,ききょう,귀경,JLPT_1 JLPT,wzR`J2j)`0
戯曲,ぎきょく,희곡,JLPT_1 JLPT,Dx[W!Tbqvu
基金,ききん,기금,JLPT_1 JLPT,Jsw14fTONr
喜劇,きげき,희극·코미디,JLPT_1 JLPT,vo)8mTt@2i
議決,ぎけつ,의결,JLPT_1 JLPT,ina$-8>Dz[
棄権,きけん,기권,JLPT_1 JLPT,yPr@u5g:%p
既婚,きこん,기혼,JLPT_1 JLPT,"zec,ws!-1^"
気障,きざ,잘난 체함·비위에 거슬림,JLPT_1 JLPT,PIJe@Xxivf
記載,きさい,기재,JLPT_1 JLPT,"AtF!,w].-2"
兆,きざし,조짐·전조,JLPT_1 JLPT,KEdc345jt(
気質,きしつ,기질·성질,JLPT_1 JLPT,sH[}/atE{z
期日,きじつ,기일,JLPT_1 JLPT,"v,pIo6nfY,"
きしむ,きしむ,삐걱거리다,JLPT_1 JLPT,JyV83hu3eM
議事堂,ぎじどう,의사당,JLPT_1 JLPT,ku.2udaM_
記述,きじゅつ,기술·기록,JLPT_1 JLPT,keg8V#>EyG
気象,きしょう,기상·날씨,JLPT_1 JLPT,i8sg{g&{j*
傷付く,きずつく,상처 입다·다치다,JLPT_1 JLPT,g#?]Ssa:Ux
傷付ける,きずつける,상처 입히다,JLPT_1 JLPT,W04_o[&8W
犠牲,ぎせい,희생,JLPT_1 JLPT,eAtE.H0;PV
汽船,きせん,기선·증기선,JLPT_1 JLPT,"gyZ:?sW,`("
寄贈,きぞう,기증,JLPT_1 JLPT,k3nUp@KIzg
偽造,ぎぞう,위조,JLPT_1 JLPT,K;j2M?f~?!
貴族,きぞく,귀족,JLPT_1 JLPT,inVAX<UF+i
議題,ぎだい,의제,JLPT_1 JLPT,Q@WjbgZGbs
鍛える,きたえる,단련하다·련마하다,JLPT_1 JLPT,G>3/bExrby
気立て,きだて,마음씨·성질,JLPT_1 JLPT,h61-}t=4fL
来る,きたる,다가오는·오는,JLPT_1 JLPT,s])r!JZ-b4
きちっと,きちっと,정확하게·반듯하게,JLPT_1 JLPT,D#t!(nebzD
几帳面,きちょうめん,꼼꼼함·규칙적임,JLPT_1 JLPT,Idj9h;q|%y
きっかり,きっかり,정확히·딱,JLPT_1 JLPT,cC(nm-eKo^
きっちり,きっちり,꼭·정확히,JLPT_1 JLPT,p.hrrI+jm1
きっぱり,きっぱり,단호히·딱 잘라,JLPT_1 JLPT,u>9}K{Kf.I
規定,きてい,규정,JLPT_1 JLPT,KTPp;1&S1u
起点,きてん,기점,JLPT_1 JLPT,",M-]_[Vyp"
軌道,きどう,궤도,JLPT_1 JLPT,P=9KAyqi}b
技能,ぎのう,기능·기술,JLPT_1 JLPT,waI%d;Y5LY
規範,きはん,규범,JLPT_1 JLPT,L8HXSBw0.5
気品,きひん,기품,JLPT_1 JLPT,cT4)YAkk45
気風,きふう,기풍·기색,JLPT_1 JLPT,cU@qu%MT$c
起伏,きふく,기복,JLPT_1 JLPT,DG3WXr]W9o
規模,きぼ,규모,JLPT_1 JLPT,vN{{=xfB<k
気まぐれ,きまぐれ,변덕,JLPT_1 JLPT,EUJagum[Gi
生真面目,きまじめ,매우 성실함,JLPT_1 JLPT,B$#zm{x$(/
期末,きまつ,기말,JLPT_1 JLPT,rB>aq=EB!L
쑥스러운,きまりわるい,쑥스러운·겸연쩍은,JLPT_1 JLPT,i^-fu~OpOW
記名,きめい,기명,JLPT_1 JLPT,LeN-Up#$*/
規約,きやく,규약,JLPT_1 JLPT,p:ItXku)R]
각색,きゃくしょく,각색,JLPT_1 JLPT,A3B8`j%szk
逆転,ぎゃくてん,역전,JLPT_1 JLPT,b}F-L9oFMV
脚本,きゃくほん,각본·시나리오,JLPT_1 JLPT,BqjNB^gQ4E
華奢,きゃしゃ,가냘픈·화사한,JLPT_1 JLPT,K{%YNbdXo{
客観,きゃっかん,객관,JLPT_1 JLPT,FE+)c7=xm.
캐치,キャッチ,캐치·포획,JLPT_1 JLPT,EE+~Pnl{z$
경력,キャリア,경력·캐리어,JLPT_1 JLPT,917%#^`DD
救援,きゅうえん,구원,JLPT_1 JLPT,"xis(gT,lCH"
休学,きゅうがく,휴학,JLPT_1 JLPT,peW#H`ri[=
究極,きゅうきょく,궁극,JLPT_1 JLPT,Ft[`OH9ZtO
窮屈,きゅうくつ,답답한·거북한·비좁은,JLPT_1 JLPT,"HH&,U(vAg`"
球根,きゅうこん,알뿌리·구근,JLPT_1 JLPT,Q6BKH*&nE1
救済,きゅうさい,구제,JLPT_1 JLPT,c=d|._&IWr
給仕,きゅうじ,시중듦·급사,JLPT_1 JLPT,pzoWY8TS(/
給食,きゅうしょく,급식,JLPT_1 JLPT,zeAtvQ@_)h
休戦,きゅうせん,휴전,JLPT_1 JLPT,Q9p5.}YQtg
宮殿,きゅうでん,궁전,JLPT_1 JLPT,EOPs=A9D6~
舊知,きゅうち,구지·오랜 친구,JLPT_1 JLPT,A}I5035vZ1
窮乏,きゅうぼう,궁핍,JLPT_1 JLPT,fEoLTLW@>]
寄与,きよ,기여,JLPT_1 JLPT,hYW_RFKwv/
強,きょう,강함·약간 넘음,JLPT_1 JLPT,j5ZhDwA$S
狂,きょう,~광 (매니아),JLPT_1 JLPT,wkNK|ibT&!
驚異,きょうい,경이,JLPT_1 JLPT,I!i(y?o6E:
教科,きょうか,교과,JLPT_1 JLPT,M&=I]j0/Y0
協会,きょうかい,협회,JLPT_1 JLPT,Oz4*Mxo4//
共学,きょうがく,공학·남녀공학,JLPT_1 JLPT,eKY($Dr5lQ
共感,きょうかん,공감,JLPT_1 JLPT,w0|w&}3|}:
境遇,きょうぐう,경우·처지,JLPT_1 JLPT,dN:;6sg&]2
教訓,きょうくん,교훈,JLPT_1 JLPT,pOHPj(bnYG
強行,きょうこう,강행,JLPT_1 JLPT,tf7&|-V:n8
強硬,きょうこう,강경,JLPT_1 JLPT,bA*b92)[ZU
教材,きょうざい,교재,JLPT_1 JLPT,p)!Q@]*y>T
凶作,きょうさく,흉작,JLPT_1 JLPT,I`.1X|DPXu
業者,ぎょうしゃ,업자,JLPT_1 JLPT,o&/6(ODjkj
教習,きょうしゅう,교습·훈련,JLPT_1 JLPT,H/=&)s/)`t
郷愁,きょうしゅう,향수,JLPT_1 JLPT,eZKQ^QCO2_
教職,きょうしょく,교직,JLPT_1 JLPT,y`GfZjj}.E
興じる,きょうじる,즐기다·흥겨워하다,JLPT_1 JLPT,"Q;m4!,`BN,"
強制,きょうせい,강제,JLPT_1 JLPT,Hm$>AvE1~h
行政,ぎょうせい,행정,JLPT_1 JLPT,r~TWhqKvAt
業績,ぎょうせき,업적,JLPT_1 JLPT,Lk<<za38cF
共存,きょうぞん,공존,JLPT_1 JLPT,Ij!^n@6%SF
協定,きょうてい,협정,JLPT_1 JLPT,K9?Jw]OMOi
郷土,きょうど,향토,JLPT_1 JLPT,Q4`7(5-Vb`
脅迫,きょうはく,협박,JLPT_1 JLPT,k[s}KC9iC{
業務,ぎょうむ,업무,JLPT_1 JLPT,b&$V6PlYM?
共鳴,きょうめい,공명·공감,JLPT_1 JLPT,kl1yRR~Dbc
郷里,きょう리,고향,JLPT_1 JLPT,J6)+at[SJG
強烈,きょうれつ,강렬,JLPT_1 JLPT,r]=;%Z2Ns;
共和,きょうわ,공화·협력,JLPT_1 JLPT,GU{+)z^)dD
局限,きょくげん,국한,JLPT_1 JLPT,xsMbwTI.xJ
極端,きょくたん,극단,JLPT_1 JLPT,P.Mzv1I{9}
居住,きょじゅう,거주,JLPT_1 JLPT,m]/OZ*9GsC
拒絶,きょぜつ,거절,JLPT_1 JLPT,pF/Q.UL^fh
漁船,ぎょせん,어선,JLPT_1 JLPT,M@u:oyW>Kw
漁村,ぎょそん,어촌,JLPT_1 JLPT,oLHH[@w)KZ
拒否,きょひ,거부,JLPT_1 JLPT,xZG_N4@O9B
許容,きょよう,허용,JLPT_1 JLPT,"m;[9Tjw,qU"
清らか,きよらか,맑고 깨끗함,JLPT_1 JLPT,rPKJ~vEwnZ
きらびやか,きらびやか,찬란함·눈부심,JLPT_1 JLPT,t+RU;/m(KM
～きり,～きり,~만·~뿐,JLPT_1 JLPT,uzRZwLFG-t
義理,ぎり,의리,JLPT_1 JLPT,so:x7klic}
切替,きりかえ,전환·교체,JLPT_1 JLPT,B])<#Pn[DB
気流,きりゅう,기류,JLPT_1 JLPT,ph[xS7hP4#
切れ目,きれめ,끊어진 곳·단락,JLPT_1 JLPT,"C#,Pog7@LR"
疑惑,ぎわく,의혹,JLPT_1 JLPT,se:RwXAAh
極めて,きわめて,극히·매우,JLPT_1 JLPT Intermediate_Japanese_Ln.13 Intermediate_Japanese,EKB18v#}a&
近眼,きんがん,근시,JLPT_1 JLPT,dD[Q^z/~(w
緊急,きんきゅう,긴급,JLPT_1 JLPT,DgtR0$#5Qg
近郊,きんこう,근교,JLPT_1 JLPT,JfO#&<*3[k
均衡,きんこう,균형,JLPT_1 JLPT,x>zIhBvkg*
禁じる,きんじる,금지하다,JLPT_1 JLPT,r7Q>%_(/mr
勤勉,きんべん,근면,JLPT_1 JLPT,uYoa=%x]!q
吟味,ぎんみ,음미·자세히 조사함,JLPT_1 JLPT,p>zee?sO9;
勤務,きんむ,근무,JLPT_1 JLPT,hhs(k1{TN}
禁物,きんもつ,금물,JLPT_1 JLPT,sWH*^U2<+H
勤労,きんろう,근로,JLPT_1 JLPT,C^)QBm`a.U
퀴즈,クイズ,퀴즈,JLPT_1 JLPT,m9+]J[|ov;
食い違う,くいちがう,엇갈리다·틀리다,JLPT_1 JLPT,dlUQZZk[k&
空間,くうかん,공간,JLPT_1 JLPT,"FOY$+>M@U,"
空腹,くうふく,공복·배고픔,JLPT_1 JLPT,"o,>8F>0y;H"
区画,くかく,구획,JLPT_1 JLPT,hbtu==:uia
区間,くかん,구간,JLPT_1 JLPT,tS6N_tjG&R
茎,くき,줄기,JLPT_1 JLPT,O5c;9[C7}%
区切り,くぎり,매듭·단락,JLPT_1 JLPT,zqK^J|1vVI
くぐる,くぐる,빠져나가다·잠입하다,JLPT_1 JLPT,"bMchGH<.,G"
くじ,くじ,제비뽑기·추첨,JLPT_1 JLPT,ziu-}:42)#
くじびき,くじびき,제비뽑기,JLPT_1 JLPT,t-q[>)aB/{
くすぐったい,くすぐったい,간지럽다,JLPT_1 JLPT,P[CLwgoK#I
愚痴,ぐち,푸념·불평,JLPT_1 JLPT,C&*!h9}5ae
口吟む,くちずさむ,흥얼거리다,JLPT_1 JLPT,v#IdlQfu^;
嘴,くちばし,부리,JLPT_1 JLPT,q5`l.teeRT
朽ちる,くちる,썩다·허망하게 끝나다,JLPT_1 JLPT,y1>SUYnb]m
覆す,くつがえす,뒤엎다·번복하다,JLPT_1 JLPT,zp<0lkXp[6
くっきり,くっきり,뚜렷이·선명히,JLPT_1 JLPT,A%/]?I_gyZ
屈折,くっせつ,굴절,JLPT_1 JLPT,0E4`Ur@Ig
ぐっと,ぐっと,훨씬·쑥·단숨에,JLPT_1 JLPT,G/n$rvRj#F
首飾り,くびかざり,목걸이,JLPT_1 JLPT,"qFdJV,o7Z~"
首輪,くびわ,목걸이·개 목줄,JLPT_1 JLPT,"r$gf,6IuJ/"
組み込む,くみこむ,짜 넣다·포함시키다,JLPT_1 JLPT,N5}[0JLW]q
組み合わせる,くみあわせる,조합하다·맞추다,JLPT_1 JLPT,qDs6:%T/3U
蔵,くら,창고,JLPT_1 JLPT,C=*)4H{doV
회색,グレー,그레이·회색,JLPT_1 JLPT,k$7)oghP*m
크레인,クレーン,크레인,JLPT_1 JLPT,C(o|20rT;/
玄人,くろうと,전문가·숙련자,JLPT_1 JLPT,N5@#f;qR7F
黒字,くろじ,흑자,JLPT_1 JLPT,cw<1Zd}#`P
군함,ぐんかん,군함,JLPT_1 JLPT Intermediate_Japanese_Ln.8 Intermediate_Japanese,"j|9,<bl,`k"
군사,ぐんじ,군사,JLPT_1 JLPT,O/|8of/=vE
君主,くんしゅ,군주,JLPT_1 JLPT,stPJuiua;x
群集,ぐんしゅう,군중,JLPT_1 JLPT,p4G>}yfC)@
群衆,ぐんしゅう,군중,JLPT_1 JLPT,m)#YkIUhBb
軍備,ぐんび,군비,JLPT_1 JLPT,Q<54bk-ZNv
軍服,ぐんぷく,군복,JLPT_1 JLPT,puGrsq&TAP
芸,げい,예능·재주,JLPT_1 JLPT,zzMBfZ=xQL
経過,けいか,경과,JLPT_1 JLPT,ok7SBPZ~(w
軽快,けいかい,경쾌,JLPT_1 JLPT,H^eby;)zOc
警戒,けいかい,경계,JLPT_1 JLPT,IlUsDbGTyB
敬具,けいぐ,경구 (편지 끝인사),Intermediate_Japanese_Ln.4 JLPT_1 JLPT Intermediate_Japanese,B!lza1p.0?
軽減,けいげん,경감,JLPT_1 JLPT,IbWZR<kR]W
掲載,けいさい,게재,JLPT_1 JLPT,bq$YateC|k
傾斜,けいしゃ,경사,JLPT_1 JLPT,D&m-*([U$6
形成,けいせい,형성,JLPT_1 JLPT,"Q,O|6gZ,S_"
形勢,けいせい,형세,JLPT_1 JLPT,tT1?SPXi1I
軽率,けいそつ,경솔,JLPT_1 JLPT,mC$8ZBGBhL
刑罰,けいばつ,형벌,JLPT_1 JLPT,h!JCwBz@T7
経費,けいひ,경비,JLPT_1 JLPT,dA8rO;1&st
警部,けいぶ,경부 (경찰 계급),JLPT_1 JLPT,f~U_eCQcuj