expression,reading,meaning,tags,similar_guid,guid
あっけない,あっけない,"어이없다, 싱겁다",JLPT_1 JLPT,u<HJP@5KUh,X%Fbr+>%:a
意外につまらない,いがいにつまらない,의외로 재미없다,JLPT_1 JLPT,X%Fbr+>%:a,u<HJP@5KUh
あどけない,あどけない,천진난만한,JLPT_1 JLPT,Y4/TM}Ansg,(?)JPtTe*<
無邪気な,むじゃきな,천진난만한,JLPT_1 JLPT,(?)JPtTe*<,Y4/TM}Ansg
あらかじめ,あらかじめ,미리,JLPT_1 JLPT,qOJz?<D;*&,)1kj$K%whk
事前に,じぜんに,"사전에, 미리",JLPT_1 JLPT,)1kj$K%whk,qOJz?<D;*&
ありありと,ありありと,"뚜렷이, 똑똑히",JLPT_1 JLPT,@hG.aNe6`q,Na*M~Z$1iA
はっきり,はっきり,"분명히, 확실히",JLPT_1 JLPT,Na*M~Z$1iA,@hG.aNe6`q
ありきたりの,ありきたりの,흔한,JLPT_1 JLPT,KFGZ?#_KkQ,xCA7c^R=If
平凡な,へいぼんな,평범한,JLPT_1 JLPT,xCA7c^R=If,KFGZ?#_KkQ
ありふれた,ありふれた,흔해빠진,JLPT_1 JLPT,lEm-$Feik+,{)JX*J{A$5
平凡な,へいぼんな,평범한,JLPT_1 JLPT,{)JX*J{A$5,lEm-$Feik+
安堵した,あんどした,안도했다,JLPT_1 JLPT,^>nTW!hxUd,P)]G$TD$*z
ほっとした,ほっとした,안심했다,JLPT_1 JLPT,P)]G$TD$*z,^>nTW!hxUd
案の定,あんのじょう,아니나다를까,JLPT_1 JLPT,"),>E~:a`-o",7Q9JL8!sM*
やはり,やはり,역시,JLPT_1 JLPT,7Q9JL8!sM*,"),>E~:a`-o"
意気込み,いきごみ,"기세, 패기",JLPT_1 JLPT,*14u;)uEV;,{=vtj7$l<B
意欲,いよく,의욕,JLPT_1 JLPT,{=vtj7$l<B,*14u;)uEV;
委託する,いたくする,위탁하다,JLPT_1 JLPT,gS1vPOJt^d,jy|*v+FfT;
任せる,まかせる,"맡기다, 위임하다",JLPT_1 JLPT,jy|*v+FfT;,gS1vPOJt^d
いたって,いたって,"지극히, 대단히",JLPT_1 JLPT,DPYoO9_@)L,W|>W.g+F4[
非常に,ひじょうに,매우,JLPT_1 JLPT,W|>W.g+F4[,DPYoO9_@)L
糸口,いとぐち,"실마리, 단서",JLPT_1 JLPT,&cu#5uS.yV,/ZotkNy4g^
ヒント,ひんと,힌트,JLPT_1 JLPT,/ZotkNy4g^,&cu#5uS.yV
嫌味,いやみ,불쾌감을 주는 말이나 행동,JLPT_1 JLPT,UD0(JNRjd>,w1~Ah4jK2C
皮肉,ひにく,"비꼼, 야유",JLPT_1 JLPT,w1~Ah4jK2C,UD0(JNRjd>
請け負う,うけおう,맡다,JLPT_1 JLPT,"#YU6,SZBSy","8vst,>08$t"
引き受ける,ひきうける,"맡다, 떠맡다",JLPT_1 JLPT,"8vst,>08$t","#YU6,SZBSy"
うすうす,うすうす,어렴풋이,JLPT_1 JLPT,ROexT:^7js,V7Zpnq*xY[
なんとなく,なんとなく,왠지 모르게,JLPT_1 JLPT,V7Zpnq*xY[,ROexT:^7js
打ち込んでいる,うちこんでいる,몰두하고 있다,JLPT_1 JLPT,7drPo:LyR>,1unOs::)CT
熱心に取り組んでいる・熱中する,ねっしんにとりくんでいる・ねっちゅうする,"열심히 몰두하고 있다, 열중하다",JLPT_1 JLPT,1unOs::)CT,7drPo:LyR>
うなだれる,うなだれる,고개를 떨구다(숙이다),JLPT_1 JLPT,I::$83?Lt1,OVT>_`X2E6
下を向く,したをむく,"아래를 향하다, 머리를 숙이다",JLPT_1 JLPT,OVT>_`X2E6,I::$83?Lt1
うやむやに,うやむやに,흐지부지,JLPT_1 JLPT,zys1!9b~OF,",K`=K-g5w#"
あいまいに,あいまいに,"애매하게, 두루뭉술하게",JLPT_1 JLPT,",K`=K-g5w#",zys1!9b~OF
裏付け,うらづけ,뒷받침,JLPT_1 JLPT,;k6X|P>r4`,)Z.0.h.9U}
証拠,しょうこ,증거,JLPT_1 JLPT,)Z.0.h.9U},;k6X|P>r4`
うろたえずに,うろたえずに,당황하지 않고,JLPT_1 JLPT,Rc^(:@BOap,_/;y((.{[$
慌てずに,あわてずに,허둥대지 않고,JLPT_1 JLPT,_/;y((.{[$,Rc^(:@BOap
エキスパート,えきすぱーと,"엑스퍼트, 전문가",JLPT_1 JLPT,OSj>!odpPg,j=/`lm]{_1
専門家,せんもんか,전문가,JLPT_1 JLPT,j=/`lm]{_1,OSj>!odpPg
エレガントな,えれがんとな,우아한,JLPT_1 JLPT,k_E{)E@Q9l,1PB&M#8iN^
上品な,じょうひんな,고상한,JLPT_1 JLPT,1PB&M#8iN^,k_E{)E@Q9l
おおむね,おおむね,"대체로, 대강",JLPT_1 JLPT,c~&(OIk[bz,DP*77@-7an
だいたい,だいたい,대개,JLPT_1 JLPT,DP*77@-7an,c~&(OIk[bz
おっくうだ,おっくうだ,"귀찮다, 번거롭다",JLPT_1 JLPT,0wJ1Onu}sF,",[`@~{AR#e"
面倒だ,めんどうだ,귀찮다,JLPT_1 JLPT,",[`@~{AR#e",0wJ1Onu}sF
お手上げだ,おてあげだ,속수무책이다,JLPT_1 JLPT,Ppn(98e!n1,:d?BE1F=l6
どうしようもない,どうしようもない,어쩔 도리가 없다,JLPT_1 JLPT,:d?BE1F=l6,Ppn(98e!n1
自ずと,おのずと,자연스레,JLPT_1 JLPT,9#x-)JFFZM,"zoc,mI<|<L"
自然に,しぜんに,자연스럽게,JLPT_1 JLPT,"zoc,mI<|<L",9#x-)JFFZM
おびえて,おびえて,무서워서,JLPT_1 JLPT,<d%IZZ%/#/,&}Q?tS83-:
怖がって,こわがって,무서워서,JLPT_1 JLPT,&}Q?tS83-:,<d%IZZ%/#/
おろそかになる,おろそかになる,소홀해지다,JLPT_1 JLPT,]<sh/`[tQ*,P<4~&U`*(D
いいかげんになる,いいかげんになる,어영부영해지다,JLPT_1 JLPT,P<4~&U`*(D,]<sh/`[tQ*
お詫びした,おわびした,사죄했다,JLPT_1 JLPT,@E-[Ux8M?2,"gfPl,Wf$vI"
あやまった,あやまった,사과했다,JLPT_1 JLPT,"gfPl,Wf$vI",@E-[Ux8M?2
温和な,おんわな,온화한,JLPT_1 JLPT,x1#-jncxA_,hOo5NB`+U|
穏やかな,おだやかな,"온화한, 평온한",JLPT_1 JLPT,hOo5NB`+U|,x1#-jncxA_
回想する,かいそうする,회상하다,JLPT_1 JLPT,r=!IA!)2E*,i5X-C!!4h8
思いかえす,おもいかえす,다시 생각하다,JLPT_1 JLPT,i5X-C!!4h8,r=!IA!)2E*
架空の,かくうの,가공의,JLPT_1 JLPT,`B#OD=uLVQ,Mf?`oGCWL-
想像の,そうぞうの,상상의,JLPT_1 JLPT,Mf?`oGCWL-,`B#OD=uLVQ
格段に,かくだんに,현격히,JLPT_1 JLPT,NJjbM{>Cu+,FS8VS!~Onr
大幅に,おおはばに,큰폭으로,JLPT_1 JLPT,FS8VS!~Onr,NJjbM{>Cu+
かたくなな,かたくなな,완고한,JLPT_1 JLPT,T{Xzvq&jB+,/JJe-yMXD@
頑固な,がんこな,완고한,JLPT_1 JLPT,/JJe-yMXD@,T{Xzvq&jB+
画期的な,かっきてきな,획기적인,JLPT_1 JLPT,2z.V#0]x.Z,@wHi*^gzOH
今までになく新しい,いままでになくあたらしい,지금까지 없이 새로운,JLPT_1 JLPT,@wHi*^gzOH,2z.V#0]x.Z
かねがね,かねがね,"전부터, 미리",JLPT_1 JLPT,"]>3#NC,sT^","WD~ec|CG-,"
以前から,いぜんから,전부터,JLPT_1 JLPT,"WD~ec|CG-,","]>3#NC,sT^"
寡黙な,かもくな,과묵한,JLPT_1 JLPT,:?C).Wyucu,{>$j}cC?Aw
口数が少ない,くちかずがすくない,말수가 적은,JLPT_1 JLPT,{>$j}cC?Aw,:?C).Wyucu
かろうじて,かろうじて,"겨우, 간신히",JLPT_1 JLPT,xstCANXe.y,>qf%~_&o*1
なんとか,なんとか,"그럭저럭, 간신히",JLPT_1 JLPT,>qf%~_&o*1,xstCANXe.y
肝心な,かんじんな,중요한,JLPT_1 JLPT,ZO]Udp3t|C,K:$44?B]<|
重要な,じゅうような,중요한,JLPT_1 JLPT,K:$44?B]<|,ZO]Udp3t|C
簡素な,かんそな,간소한,JLPT_1 JLPT,X>nJ{p;4=>,!#9cCX3YMD
シンプルな,しんぷるな,단순한,JLPT_1 JLPT,!#9cCX3YMD,X>nJ{p;4=>
気掛かり,きがかり,걱정,JLPT_1 JLPT,:Xib@v%}fF,aC!K>GttYS
心配,しんぱい,걱정,JLPT_1 JLPT,aC!K>GttYS,:Xib@v%}fF
拮抗する,きっこうする,팽팽하다,JLPT_1 JLPT,iW;IDFu114,_Z<KVGTux4
差がない,さがない,차이가 없다,JLPT_1 JLPT,_Z<KVGTux4,iW;IDFu114
気ままな,きままな,"제멋대로의, 자유로운",JLPT_1 JLPT,0c05&QCixc,^M2f6i&&e=
自由な,じゆうな,자유로운,JLPT_1 JLPT,^M2f6i&&e=,0c05&QCixc
寄与,きよ,기여,JLPT_1 JLPT,3LLfo;_sy},&_x${MTVjE
貢献,こうけん,공헌,JLPT_1 JLPT,&_x${MTVjE,3LLfo;_sy}
凝視した,ぎょうしした,응시했다,JLPT_1 JLPT,i?=:WEs_&L,08$P(^;p+%
じっと見た,じっとみた,지그시 봤다,JLPT_1 JLPT,08$P(^;p+%,i?=:WEs_&L
仰天した,ぎょうてんした,깜짝 놀랐다,JLPT_1 JLPT,Fm8{9hQ.JA,30x-R|PI=$
とても驚いた,とてもおどろいた,아주 놀랐다,JLPT_1 JLPT,30x-R|PI=$,Fm8{9hQ.JA
極力,きょくりょく,"최대한, 힘껏",JLPT_1 JLPT,hR#F%fDMEj,M8*;1S7>!.
できる限り・できるだけ,できるかぎり・できるだけ,가능한 한,JLPT_1 JLPT,M8*;1S7>!.,hR#F%fDMEj
吟味する,ぎんみする,"음미하다, 조사하다",JLPT_1 JLPT,*tcuDvjpS:,>G3%M&mPfk
検討する,けんとうする,검토하다,JLPT_1 JLPT,>G3%M&mPfk,*tcuDvjpS:
くつろぐ,くつろぐ,편안히 쉬다,JLPT_1 JLPT,p}IJAC~GqZ,"u-EAuxwL,K"
ゆっくりする,ゆっくりする,편안히 하다,JLPT_1 JLPT,"u-EAuxwL,K",p}IJAC~GqZ
工面する,くめんする,마련하다,JLPT_1 JLPT,lG%k2zgkdT,V;CiB?i`S$
用意する,よういする,"마련하다, 준비하다",JLPT_1 JLPT,V;CiB?i`S$,lG%k2zgkdT
クレーム,くれーむ,"클레임, 불만",JLPT_1 JLPT,VhfPC_V`Cy,mK97@{xsEe
苦情,くじょう,"불평, 불만",JLPT_1 JLPT,mK97@{xsEe,VhfPC_V`Cy
けげんな,けげんな,의아한,JLPT_1 JLPT,f$mL5Z:$zj,)~:y%.P+P5
不思議そうな,ふしぎそうな,"이상한, 신기한",JLPT_1 JLPT,)~:y%.P+P5,f$mL5Z:$zj
けなされる,けなされる,비방의 말을 듣다,JLPT_1 JLPT,M6V`+{gypX,0c@o&=^T8x
悪く言われる,わるくいわれる,나쁜 말을 듣다,JLPT_1 JLPT,0c@o&=^T8x,M6V`+{gypX
懸念される,けねんされる,"염려되다, 우려되다",JLPT_1 JLPT,N(~|SAiobl,"bUQ#O,`wA%"
心配される,しんぱいされる,걱정되다,JLPT_1 JLPT,"bUQ#O,`wA%",N(~|SAiobl
故意に,こいに,고의로,JLPT_1 JLPT,JLfk63c(ew,367|AFn1Gj
わざと,わざと,일부러,JLPT_1 JLPT,367|AFn1Gj,JLfk63c(ew
互角だ,ごかくだ,막상막하다,JLPT_1 JLPT,?e#r[#^>wc,@tQlv[#g[-
大体同じだ,だいたいおなじだ,대체적으로 같다,JLPT_1 JLPT,@tQlv[#g[-,?e#r[#^>wc
克明に,こくめいに,"극명하게, 정확하고 세밀하게",JLPT_1 JLPT,@`S5yg>EdG,&Cogfs2Q:6
詳しくて丁寧に,くわしくてていねいに,자세하고 주의 깊게,JLPT_1 JLPT,&Cogfs2Q:6,@`S5yg>EdG
誇張して,こちょうして,과장해서,JLPT_1 JLPT,~3C::W_*9B,7^}}z%ULP}
大げさに,おおげさに,과장되게,JLPT_1 JLPT,7^}}z%ULP},~3C::W_*9B
ことごとく,ことごとく,"모두, 모조리",JLPT_1 JLPT,&d3b@_S}r8,u9.tE&-^xz
すべて,すべて,전부,JLPT_1 JLPT,u9.tE&-^xz,&d3b@_S}r8
コントラスト,こんとらすと,대비,JLPT_1 JLPT,!]A)7=*Y<@,17qIBNQtIe
対比,たいひ,대비,JLPT_1 JLPT,17qIBNQtIe,!]A)7=*Y<@
コンパクトな,こんぱくとな,아담한,JLPT_1 JLPT,C[fws>b?fu,>d]z4lL0un
小型の,こがたの,소형의,JLPT_1 JLPT,>d]z4lL0un,C[fws>b?fu
ささいな,ささいな,사소한,JLPT_1 JLPT,|<ok5T^Wf),@q/7lIv#}p
小さな,ちいさな,작은,JLPT_1 JLPT,@q/7lIv#}p,|<ok5T^Wf)
錯覚する,さっかくする,착각하다,JLPT_1 JLPT,mB/jGq|~<8,9C/jdjx&eP
勘違いする,かんちがいする,착각하다,JLPT_1 JLPT,9C/jdjx&eP,mB/jGq|~<8
殺到した,さっとうした,쇄도했다,JLPT_1 JLPT,`rn&H(;hQQ,[fHymSwAdY
一度に大勢来た,いちどにおおぜいきた,한꺼번에 많이 왔다,JLPT_1 JLPT,[fHymSwAdY,`rn&H(;hQQ
雑踏,ざっとう,"붐빔, 혼잡",JLPT_1 JLPT,X{5|HrSYOk,>]Z[(K+fLH
人込み,ひとごみ,붐빔,JLPT_1 JLPT,>]Z[(K+fLH,X{5|HrSYOk
仕上げる,しあげる,완성하다,JLPT_1 JLPT,ly&K^+>+Lf,Axo]iVYJ0V
完成する,かんせいする,완성하다,JLPT_1 JLPT,Axo]iVYJ0V,ly&K^+>+Lf
しきたり,しきたり,"관습, 관례",JLPT_1 JLPT,"B|5YYB%,->",IUT<Z@2x;(
慣習,かんしゅう,관습,JLPT_1 JLPT,IUT<Z@2x;(,"B|5YYB%,->"
しきりに,しきりに,"자주, 몇 번씩이나",JLPT_1 JLPT,"pA;x,:cwxy",LO(b{Jf#|a
何度も,なんども,몇 번이고,JLPT_1 JLPT,LO(b{Jf#|a,"pA;x,:cwxy"
しくじる,しくじる,망치다,JLPT_1 JLPT,afi$RI6PHk,CE)8x}v?cK
失敗する,しっぱいする,실패하다,JLPT_1 JLPT,CE)8x}v?cK,afi$RI6PHk
自尊心,じそんしん,자존심,JLPT_1 JLPT,m}>aOc!N1p,K4iU0{q8?&
プライド,ぷらいど,"프라이드, 자존심",JLPT_1 JLPT,K4iU0{q8?&,m}>aOc!N1p
シビアだ,しびあだ,엄격하다,JLPT_1 JLPT,"esk,aQiml5",nbSztZccOx
厳しい,きびしい,엄격하다,JLPT_1 JLPT,nbSztZccOx,"esk,aQiml5"
しぶっている,しぶっている,주저하다,JLPT_1 JLPT,",M5;5_3|)0",*R3w_;x5pZ
なかなかしようとしない,なかなかしようとしない,좀처럼 하려고 하지 않다,JLPT_1 JLPT,*R3w_;x5pZ,",M5;5_3|)0"
自前,じまえ,"자비, 스스로 부담함",JLPT_1 JLPT,EM;JR00$Y$,7E&vIm:`00
自分で買う,じぶんでかう,자기가 사다,JLPT_1 JLPT,7E&vIm:`00,EM;JR00$Y$
尺度,しゃくど,척도,JLPT_1 JLPT,M`hk[nu{j},0o--u7>/<E
基準,きじゅん,기준,JLPT_1 JLPT,0o--u7>/<E,M`hk[nu{j}
若干,じゃっかん,약간,JLPT_1 JLPT,Vfe>[T?.uw,8d]8~+Thk4
わずか・いくつか,わずか・いくつか,"조금, 약간",JLPT_1 JLPT,8d]8~+Thk4,Vfe>[T?.uw
従来,じゅうらい,종래,JLPT_1 JLPT,lsx]2Lz)}/,[(YOr;ar?0
これまで,これまで,지금까지,JLPT_1 JLPT,[(YOr;ar?0,lsx]2Lz)}/
出馬する,しゅつばする,출마하다,JLPT_1 JLPT,16!<^eMsv$,*sJCllp=5M
選挙に出る,せんきょにでる,선거에 나가다,JLPT_1 JLPT,*sJCllp=5M,16!<^eMsv$
手腕,しゅわん,수완,JLPT_1 JLPT,LJn:EOpo1;,"BSK,.*DkiV"
能力,のうりょく,능력,JLPT_1 JLPT,"BSK,.*DkiV",LJn:EOpo1;
照会する,しょうかいする,조회하다,JLPT_1 JLPT,l[J8{$UB6~,g-$~K:[G01
問い合わせる,といあわせる,문의하다,JLPT_1 JLPT,g-$~K:[G01,l[J8{$UB6~
触発される,しょくはつされる,"촉발되다, 자극받다",JLPT_1 JLPT,-GgZ}?Z|cg,}Q-6Y5C|CA
刺激をうける,しげきをうける,자극을 받다,JLPT_1 JLPT,}Q-6Y5C|CA,-GgZ}?Z|cg
助言,じょげん,조언,JLPT_1 JLPT,"cpP,8&lo=W",E[^7[j*cXX
アドバイス,あどばいす,"어드바이스, 충고",JLPT_1 JLPT,E[^7[j*cXX,"cpP,8&lo=W"
試練,しれん,시련,JLPT_1 JLPT,F9RKLt}#1R,AlkcyGp(b}
苦難,くなん,고난,JLPT_1 JLPT,AlkcyGp(b},F9RKLt}#1R
進呈する,しんていする,"증정하다, 드리다",JLPT_1 JLPT,ML[rXbfRCq,yp*`]KyTOj
差し上げる,さしあげる,드리다,JLPT_1 JLPT,yp*`]KyTOj,ML[rXbfRCq
辛抱,しんぼう,참음,JLPT_1 JLPT,a].hqtHwy4,&MVpmckf4@
我慢,がまん,"참음, 견딤",JLPT_1 JLPT,&MVpmckf4@,a].hqtHwy4
すがすがしい,すがすがしい,"상쾌한, 시원한",JLPT_1 JLPT,"fY$pT%B,p(",w%{x1KMb`H
爽やかな,さわやかな,상쾌한,JLPT_1 JLPT,w%{x1KMb`H,"fY$pT%B,p("
スケール,すけーる,"스케일, 규모",JLPT_1 JLPT,Fa2hr|Gn8O,ifdU@TUz:c
規模,きぼ,규모,JLPT_1 JLPT,ifdU@TUz:c,Fa2hr|Gn8O
ストレートに,すとれーとに,단도직입적으로,JLPT_1 JLPT,*)xlv+:Nw8,F_9QUFs<}$
率直に,そっちょくに,솔직하게,JLPT_1 JLPT,F_9QUFs<}$,*)xlv+:Nw8
すべがない,すべがない,방법이 없다,JLPT_1 JLPT,aM3{sZ.a;D,qw$yID:w){
方法がない,ほうほうがない,방법이 없다,JLPT_1 JLPT,qw$yID:w){,aM3{sZ.a;D
スポット,すぽっと,장소,JLPT_1 JLPT,O_Z[3OEf4:,#B]glAR9wO
場所,ばしょ,장소,JLPT_1 JLPT,#B]glAR9wO,O_Z[3OEf4:
すみやかに,すみやかに,"빨리, 신속히",JLPT_1 JLPT,!r*nZ)2=bW,E6(g@.=O[t
できるだけはやく,できるだけはやく,가능한 한 빨리,JLPT_1 JLPT,E6(g@.=O[t,!r*nZ)2=bW
スライスして,すらいすして,슬라이스 해서,JLPT_1 JLPT,cff:mz]25`,m{hC8;dK=w
薄く切って,うすくきって,얇게 잘라서,JLPT_1 JLPT,m{hC8;dK=w,cff:mz]25`
ずれ込みそうだ,ずれこみそうだ,늦어질 것 같다,JLPT_1 JLPT,smO.<S)>Hr,m1#@yD[kGI
遅くなりそうだ,おそくなりそうだ,늦어질 것 같다,JLPT_1 JLPT,m1#@yD[kGI,smO.<S)>Hr
せかす,せかす,재촉하다,JLPT_1 JLPT,psnIN`n<RO,"1$n#.{,ndj"
急がせる,いそがせる,재촉하다(＝急かす),JLPT_1 JLPT,"1$n#.{,ndj",psnIN`n<RO
絶賛する,ぜっさんする,극찬하다,JLPT_1 JLPT,T)|l5Dh;}%,V8v0j3kxM%
非常に素晴らしいとほめる,ひじょうにすばらしいとほめる,매우 훌륭하다고 칭찬하다,JLPT_1 JLPT,V8v0j3kxM%,T)|l5Dh;}%
先方,せんぽう,상대편,JLPT_1 JLPT,$a+(GY-^+H,(Ax19]dd[(
相手,あいて,상대,JLPT_1 JLPT,(Ax19]dd[(,$a+(GY-^+H
ぞんざいな,ぞんざいな,"함부로 하는, 거친",JLPT_1 JLPT,!g#0WW[?`7,vR-3={%?Ki
雑な,ざつな,"거친, 조잡한",JLPT_1 JLPT,vR-3={%?Ki,!g#0WW[?`7
打撃,だげき,타격,JLPT_1 JLPT,~Xp;N.o8.`,"~%,K7~A[M3"
ダメージ,だめーじ,"대미지, 피해",JLPT_1 JLPT,"~%,K7~A[M3",~Xp;N.o8.`
端的に,たんてきに,단적으로,JLPT_1 JLPT,X[wPyOy=D),tu?~%G?mQS
明白に,めいはくに,명백하게,JLPT_1 JLPT,tu?~%G?mQS,X[wPyOy=D)
断念する,だんねんする,단념하다,JLPT_1 JLPT,8=:sAk^sf[,NC^1@`VvOp
あきらめる,あきらめる,포기하다,JLPT_1 JLPT,NC^1@`VvOp,8=:sAk^sf[
丹念に,たんねんに,정성을 들여,JLPT_1 JLPT,6T9mOeMUoS,IG8uxl@L2c
じっくりと,じっくりと,꼼꼼히,JLPT_1 JLPT,IG8uxl@L2c,6T9mOeMUoS
着手して,ちゃくしゅして,착수해서,JLPT_1 JLPT,b<<2lD&RQD,RdUTTnDCAu
始めて,はじめて,시작해서,JLPT_1 JLPT,RdUTTnDCAu,b<<2lD&RQD
調達した,ちょうたつした,조달했다,JLPT_1 JLPT,?{1%4uaQGj,"_,hU`uK3G{"
用意した,よういした,준비했다,JLPT_1 JLPT,"_,hU`uK3G{",?{1%4uaQGj
重宝している,ちょうほうしている,쓸모가 있어 편리하다,JLPT_1 JLPT,uZ=y~+8*C6,p0_ZE;nm;5
便利で役に立っている,べんりでやくにたっている,편리해서 도움이 된다,JLPT_1 JLPT,p0_ZE;nm;5,uZ=y~+8*C6
つかの間,つかのま,"잠깐 동안, 순간",JLPT_1 JLPT,v{/bjkiJ_},}pks<^ZjI}
短い間,みじかいあいだ,짧은 동안,JLPT_1 JLPT,}pks<^ZjI},v{/bjkiJ_}
つぶさに,つぶさに,"자세히, 구체적으로",JLPT_1 JLPT,QA3g1rUmbB,MHcjCQC4D;
詳細に,しょうさいに,상세하게,JLPT_1 JLPT,MHcjCQC4D;,QA3g1rUmbB
つぶやく,つぶやく,"중얼거리다, 투덜대다",JLPT_1 JLPT,l1;RPLO7XR,[4H!D78pGS
小さな声で言う,ちいさなこえでいう,작은 목소리로 말하다,JLPT_1 JLPT,[4H!D78pGS,l1;RPLO7XR
手がかり,てがかり,단서,JLPT_1 JLPT,e:8ut%^R2e,f%.h7cCb#s
ヒント,ひんと,힌트,JLPT_1 JLPT,f%.h7cCb#s,e:8ut%^R2e
てきぱきと,てきぱきと,(일을) 척척,JLPT_1 JLPT,Idyp1Gr^n`,~(L:-lyzVS
早く正確に,はやくせいかくに,빠르고 정확하게,JLPT_1 JLPT,~(L:-lyzVS,Idyp1Gr^n`
手立て,てだて,"방법, 방도",JLPT_1 JLPT,*^kqaZM61L,beeB>_SVkk
方法,ほうほう,방법,JLPT_1 JLPT,beeB>_SVkk,*^kqaZM61L
撤回した,てっかいした,철회했다,JLPT_1 JLPT,"UYMb[y+q,-",r`fxae>%@&
とりけした,とりけした,취소했다,JLPT_1 JLPT,r`fxae>%@&,"UYMb[y+q,-"
手分け,てわけ,분담,JLPT_1 JLPT,kc24!A9~oo,qh:`8RFlq=
分担,ぶんたん,분담,JLPT_1 JLPT,qh:`8RFlq=,kc24!A9~oo
当面ない,とうめんない,당분간 없다,JLPT_1 JLPT,0-Ul*a~+;9,M/gc@4JF9M
しばらくない,しばらくない,당분간 없다,JLPT_1 JLPT,M/gc@4JF9M,0-Ul*a~+;9
とまどって,とまどって,당황해서,JLPT_1 JLPT,0E_RCSl-%7,"OaJ!(:VMQ,"
困って,こまって,"곤란해서, 난처해서",JLPT_1 JLPT,"OaJ!(:VMQ,",0E_RCSl-%7
トレンド,とれんど,"트렌드, 경향",JLPT_1 JLPT,~F#yX{6Z=V,@xLPnGIF]k
傾向,けいこう,경향,JLPT_1 JLPT,@xLPnGIF]k,~F#yX{6Z=V
どんよりした天気だ,どんよりしたてんきだ,날씨가 잔뜩 흐리다,JLPT_1 JLPT,.xV6b`3|6*,);OoH3{i4+
曇っていて暗い,くもっていてくらい,흐려서 어둡다,JLPT_1 JLPT,);OoH3{i4+,.xV6b`3|6*
なじむ,なじむ,친숙해지다,JLPT_1 JLPT,"#,ZZ$,Z6=#",(_vb+s2.<h
慣れる,なれる,친숙해지다,JLPT_1 JLPT,(_vb+s2.<h,"#,ZZ$,Z6=#"
難点,なんてん,"난점, 단점",JLPT_1 JLPT,H|B^eRK72y,9.an{{YDRh
悪いところ,わるいところ,"나쁜 점, 단점",JLPT_1 JLPT,9.an{{YDRh,H|B^eRK72y
入念に,にゅうねんに,"자세히, 정성을 들여",JLPT_1 JLPT,&QD(FMPcBV,*W$h7IgW/V
細かく丁寧に,こまかくていねいに,세심하게 공들여,JLPT_1 JLPT,*W$h7IgW/V,&QD(FMPcBV
にわかには,にわかには,갑자기는,JLPT_1 JLPT,G#JW8CC<U7,m6Vr_#p~;7
すぐには,すぐには,바로는,JLPT_1 JLPT,m6Vr_#p~;7,G#JW8CC<U7
根こそぎ,ねこそぎ,"전부, 몽땅",JLPT_1 JLPT,dq>KhUBT%0,o!AO/%k0%i
すべて,すべて,"모두, 전부",JLPT_1 JLPT,o!AO/%k0%i,dq>KhUBT%0
粘り強く,ねばりづよく,끈기 있게,JLPT_1 JLPT,P+V1j8@M}F,ovr]8:1#w=
あきらめずに,あきらめずに,포기하지 않고,JLPT_1 JLPT,ovr]8:1#w=,P+V1j8@M}F
はかどっている,はかどっている,순조롭게 진행되고 있다,JLPT_1 JLPT,;ZE>=pkcAz,1UT~aQt!Gj
順調に進んでいる,じゅんちょうにすすんでいる,순조롭게 진행되고 있다,JLPT_1 JLPT,1UT~aQt!Gj,;ZE>=pkcAz
破格な,はかくな,파격적인,JLPT_1 JLPT,qkz:o7*c}r,E=S[4IZTQT
特によい,とくによい,특히 좋은,JLPT_1 JLPT,E=S[4IZTQT,qkz:o7*c}r
漠然,ばくぜん,막연함,JLPT_1 JLPT,?3%tCJqR^V,Mun!B}MkD&
ぼんやりしている,ぼんやりしている,어렴풋하다,JLPT_1 JLPT,Mun!B}MkD&,?3%tCJqR^V
バックアップ,ばっくあっぷ,지원,JLPT_1 JLPT,_e_#4<;U%o,Z5iL=#pOVM
支援,しえん,지원,JLPT_1 JLPT,Z5iL=#pOVM,_e_#4<;U%o
抜群だった,ばつぐんだった,뛰어났다,JLPT_1 JLPT,6h_3s~<wdK,9QH/rx=uQ`
ほかと比べてとくによかった,ほかとくらべてとくによかった,다른 것과 비교해서 특히 좋았다,JLPT_1 JLPT,9QH/rx=uQ`,6h_3s~<wdK
ばててしまった,ばててしまった,지쳐 버렸다,JLPT_1 JLPT,}n8T12b0W;,_zA@qLhRCA
疲れてしまった,つかれてしまった,지쳐 버렸다,JLPT_1 JLPT,_zA@qLhRCA,}n8T12b0W;
張り合う,はりあう,경쟁하다,JLPT_1 JLPT,P*;9E04~n7,?27AyCG>@l
競争する・競い合う,きょうそうする・きそいあう,경쟁하다,JLPT_1 JLPT,?27AyCG>@l,P*;9E04~n7
ひそかに,ひそかに,"살짝, 몰래",JLPT_1 JLPT,~&FKR?IE5X,bm-I;[%&ph
こっそり,こっそり,몰래,JLPT_1 JLPT,bm-I;[%&ph,~&FKR?IE5X
冷やかして,ひやかして,놀리고,JLPT_1 JLPT,"k~2l_({,s!",qu|`Uy!}Z3
からかって,からかって,놀리고,JLPT_1 JLPT,qu|`Uy!}Z3,"k~2l_({,s!"
ふいに,ふいに,갑자기,JLPT_1 JLPT,))N:WGzuaI,7@6lc?+e(l
突然,とつぜん,갑자기,JLPT_1 JLPT,7@6lc?+e(l,))N:WGzuaI
不審な,ふしんな,수상한,JLPT_1 JLPT,jKCQ^zv$J7,=j3YpegTtf
怪しい,あやしい,수상한,JLPT_1 JLPT,=j3YpegTtf,jKCQ^zv$J7
不用意,ふようい,조심성이 없음,JLPT_1 JLPT,p]n#<Qs{C3,Q.JAedID~|
不注意,ふちゅうい,부주의함,JLPT_1 JLPT,Q.JAedID~|,p]n#<Qs{C3
不慮,ふりょ,"뜻밖, 의외",JLPT_1 JLPT,*~MmH>z2P},Ho#7_G5JDE
思いがけない,おもいがけない,"뜻밖이다, 의외이다",JLPT_1 JLPT,Ho#7_G5JDE,*~MmH>z2P}
紛糾した,ふんきゅうした,시끄러워졌다,JLPT_1 JLPT,`=0e.eM=|X,hWN/Qxr<jA
混乱した,こんらんした,혼란스러웠다,JLPT_1 JLPT,hWN/Qxr<jA,`=0e.eM=|X
奮闘する,ふんとうする,분투하다,JLPT_1 JLPT,RD7^XP*9Mr,"EPGcL,1$jP"
必死に頑張る,ひっしにがんばる,필사적으로 힘내다,JLPT_1 JLPT,"EPGcL,1$jP",RD7^XP*9Mr
閉口した,へいこうした,"질렸다, 곤란했다",JLPT_1 JLPT,+0C?.xbd)c,"-o;5,(H9oh"
困った,こまった,곤란했다,JLPT_1 JLPT,"-o;5,(H9oh",+0C?.xbd)c
弁解して,べんかいして,변명하고,JLPT_1 JLPT,k1mt!rzPk@,FM%Sw2-<uh
言い訳して,いいわけして,변명하고,JLPT_1 JLPT,FM%Sw2-<uh,k1mt!rzPk@
妨害する,ぼうがいする,방해하다,JLPT_1 JLPT,uIGt.:SRI{,uD/*U]1k@J
じゃまする,じゃまする,방해하다,JLPT_1 JLPT,uD/*U]1k@J,uIGt.:SRI{
抱負,ほうふ,포부,JLPT_1 JLPT,LOQqWdr>1*,Od-;k$G;iW
決意,けつい,결의,JLPT_1 JLPT,Od-;k$G;iW,LOQqWdr>1*
没頭する,ぼっとうする,몰두하다,JLPT_1 JLPT,w0Gd{KG(#U,"C-1,i6d[a$"
熱中する,ねっちゅうする,열중하다,JLPT_1 JLPT,"C-1,i6d[a$",w0Gd{KG(#U
ぼやいている,ぼやいている,투덜거리고 있다,JLPT_1 JLPT,{-m`y=>Uxc,ix^Ak_B>_x
愚痴を言っている,ぐちをいっている,투덜거리고 있다,JLPT_1 JLPT,ix^Ak_B>_x,{-m`y=>Uxc
まっとうする,まっとうする,"완수하다, 다하다",JLPT_1 JLPT,2+;!O~H9=e,IhgDoc8*e[
完了する,かんりょうする,완료하다,JLPT_1 JLPT,IhgDoc8*e[,2+;!O~H9=e
まばらだ,まばらだ,드문드문하다,JLPT_1 JLPT,v:=gE~uIep,aC7ZU8ldv&
少ない,すくない,적다,JLPT_1 JLPT,aC7ZU8ldv&,v:=gE~uIep
見合わせる,みあわせる,"실행을 미루다, 보류하다",JLPT_1 JLPT,%s6ZKX>}R.,5_yGF4P+^?
中止する,ちゅうしする,중지하다,JLPT_1 JLPT,5_yGF4P+^?,%s6ZKX>}R.
脈絡,みゃくらく,맥락,JLPT_1 JLPT,=x%|dgD]xm,r;5bWHDuM)
つながり,つながり,"연계, 연결",JLPT_1 JLPT,r;5bWHDuM),=x%|dgD]xm
無償で,むしょうで,무상으로,JLPT_1 JLPT,XxuX=ASMso,e`i5;~kT%Z
ただで,ただで,무료로,JLPT_1 JLPT,e`i5;~kT%Z,XxuX=ASMso
むっとした,むっとした,화가 났다,JLPT_1 JLPT,PUIo7FZ+D&,#z#}ozq&j]
怒った,おこった,화가 났다,JLPT_1 JLPT,#z#}ozq&j],PUIo7FZ+D&
めいめいに,めいめいに,각각에게,JLPT_1 JLPT,_e7I*$|l?},o>d8m9+}`~
一人一人に,ひとりひとりに,한 사람 한 사람에게,JLPT_1 JLPT,o>d8m9+}`~,_e7I*$|l?}
メカニズム,めかにずむ,메커니즘,JLPT_1 JLPT,/&P1y!8Vy4,psnZBBOt[m
仕組み,しくみ,구조,JLPT_1 JLPT,psnZBBOt[m,/&P1y!8Vy4
珍しい,めずらしい,"드문, 희귀한",JLPT_1 JLPT,G74oyVstU&,"tVh2,KzUf,"
異例の,いれいの,이례적인,JLPT_1 JLPT,"tVh2,KzUf,",G74oyVstU&
もくろむ,もくろむ,계획하다,JLPT_1 JLPT,",Wmj8pY>h9",g6NjA)P_eZ
計画する,けいかくする,계획하다,JLPT_1 JLPT,g6NjA)P_eZ,",Wmj8pY>h9"
目下,もっか,"현재, 지금",JLPT_1 JLPT,(4zFW4SQ8`,"E&W[Nby,|D"
今,いま,지금,JLPT_1 JLPT,"E&W[Nby,|D",(4zFW4SQ8`
厄介な,やっかいな,"귀찮은, 번거로운",JLPT_1 JLPT,cIsE*]0E35,#N^A(N?Mm*
面倒な,めんどうな,귀찮은,JLPT_1 JLPT,#N^A(N?Mm*,cIsE*]0E35
やむを得ず,やむをえず,어쩔 수 없이,JLPT_1 JLPT,F76{}Wo20.,qs>LKd_T8+
しかたなく,しかたなく,어쩔 수 없이,JLPT_1 JLPT,qs>LKd_T8+,F76{}Wo20.
やつれる,やつれる,야위다,JLPT_1 JLPT,Mciuu!P%z>,:zbE$9%`<W
やせ衰える,やせおとろえる,"바짝 마르다, 수척해지다",JLPT_1 JLPT,:zbE$9%`<W,Mciuu!P%z>
ゆとり,ゆとり,여유,JLPT_1 JLPT,@{T*.^].i%,"{6f]9,b9n["
余裕,よゆう,여유,JLPT_1 JLPT,"{6f]9,b9n[",@{T*.^].i%
落胆する,らくたんする,낙담하다,JLPT_1 JLPT,(&&K@9Zt(.,:l{5@u-!_5
がっかりする,がっかりする,실망하다,JLPT_1 JLPT,:l{5@u-!_5,(&&K@9Zt(.
リスク,りすく,위험,JLPT_1 JLPT,KhmDC&MLMZ,1rT@`GYyon
危険,きけん,위험,JLPT_1 JLPT,1rT@`GYyon,KhmDC&MLMZ
ルーズだ,るーずだ,"루즈하다, 허술하다",JLPT_1 JLPT,XZTQ^yN]rD,Fd!9[#q.li
だらしない,だらしない,칠칠치 못하다,JLPT_1 JLPT,Fd!9[#q.li,XZTQ^yN]rD
歴然としている,れきぜんとしている,확실하다,JLPT_1 JLPT,7-YAe&GawJ,gp3f&jOWnk
はっきりしている,はっきりしている,분명하다,JLPT_1 JLPT,gp3f&jOWnk,7-YAe&GawJ
朗報,ろうほう,"낭보, 기쁜 소식",JLPT_1 JLPT,"b_{70t,uRG",^K`Lp^@mM8
うれしい知らせ,うれしいしらせ,기쁜 소식,JLPT_1 JLPT,^K`Lp^@mM8,"b_{70t,uRG"
ろくに,ろくに,"제대로, 충분히",JLPT_1 JLPT,Cy0vT{p?(l,QX!s(%=1g8
たいして,たいして,"그다지, 별로",JLPT_1 JLPT,QX!s(%=1g8,Cy0vT{p?(l
ロスする,ろすする,낭비하다,JLPT_1 JLPT,yB=nm@5Uy&,3lh(gOW5Xa
無駄にする,むだにする,"헛되게 하다, 낭비하다",JLPT_1 JLPT,3lh(gOW5Xa,yB=nm@5Uy&
わずらわしい,わずらわしい,"번거로운, 귀찮은",JLPT_1 JLPT,VB{j)+B$RD,=`~-+tW0DM
面倒な,めんどうな,귀찮은,JLPT_1 JLPT,=`~-+tW0DM,VB{j)+B$RD
